卡號,價格
BP20-PR01,39800
BP20-U01,5980
BP20-U02,6980
BP20-U03,8980
BP20-U04,12800
BP20-U05,12800
BP20-U06,3980
BP20-U07,4980
BP20-U08,9980
BP20-SL01,780
BP20-SL02,500
BP20-SL03,780
BP20-SL04,420
BP20-SL05,4980
BP20-SL06,1280
BP20-SL07,580
BP20-SL08,500
BP20-SL09,3480
BP20-SL10,3980
BP20-SL11,1480
BP20-SL12,3980
BP20-SL13,1280
BP20-SL14,980
BP20-SL15,980
BP20-SL16,2480
BP20-SL17,1480
BP20-SL18,1480
BP20-SL19,420
BP20-SL20,780
BP20-SL21,580
BP20-SL22,980
BP20-SL23,980
BP20-SL24,420
BP20-SL25,780
BP20-SL26,1980
BP20-SL27,780
BP20-SL28,500
BP20-SL29,680
BP20-SL30,680
BP20-SL31,1780
BP20-001,500
BP20-002,320
BP20-003,500
BP20-004,220
BP20-019,1480
BP20-020,320
BP20-021,500
BP20-022,320
BP20-037,980
BP20-038,980
BP20-039,980
BP20-040,1280
BP20-041,1280
BP20-056,1980
BP20-057,500
BP20-058,1280
BP20-059,220
BP20-074,320
BP20-075,420
BP20-076,320
BP20-077,320
BP20-078,220
BP20-093,500
BP20-094,320
BP20-095,320
BP20-096,220
BP20-111,500
BP20-112,500
BP20-113,980
BP20-R01,80
BP20-R02,80
BP20-R03,120
BP20-R04,120
BP20-R05,80
BP20-R06,80
BP20-R07,120
BP20-R08,120
BP20-R09,120
BP20-R10,80
BP20-R11,80
BP20-R12,80
BP20-R13,80
BP20-R14,80
BP20-R15,180
BP20-R16,80
BP20-R17,80
BP20-005,50
BP20-006,80
BP20-007,50
BP20-008,80
BP20-023,50
BP20-024,80
BP20-025,50
BP20-026,80
BP20-042,50
BP20-043,80
BP20-044,50
BP20-045,50
BP20-060,50
BP20-061,80
BP20-062,50
BP20-063,50
BP20-079,50
BP20-080,80
BP20-081,50
BP20-082,50
BP20-097,50
BP20-098,80
BP20-099,50
BP20-100,50
BP20-114,50
BP20-115,80
BP20-116,50
BP20-117,50
BP20-009,50
BP20-010,80
BP20-011,50
BP20-012,50
BP20-027,50
BP20-028,80
BP20-029,50
BP20-030,50
BP20-046,50
BP20-047,80
BP20-048,50
BP20-049,50
BP20-064,50
BP20-065,80
BP20-066,50
BP20-067,50
BP20-083,50
BP20-084,80
BP20-085,50
BP20-086,50
BP20-101,50
BP20-102,80
BP20-103,50
BP20-104,50
BP20-118,50
BP20-119,80
BP20-120,50
BP20-013,30
BP20-014,30
BP20-015,30
BP20-016,30
BP20-017,30
BP20-018,30
BP20-031,30
BP20-032,30
BP20-033,30
BP20-034,30
BP20-035,30
BP20-036,30
BP20-050,30
BP20-051,30
BP20-052,30
BP20-053,30
BP20-054,30
BP20-055,30
BP20-068,30
BP20-069,30
BP20-070,30
BP20-071,30
BP20-072,30
BP20-073,30
BP20-087,30
BP20-088,30
BP20-089,30
BP20-090,30
BP20-091,30
BP20-092,30
BP20-105,30
BP20-106,30
BP20-107,30
BP20-108,30
BP20-109,30
BP20-110,30
BP20-P01,120
BP20-P02,80
BP20-P03,320
BP20-P13,120
BP20-P14,120
BP20-P15,120
BP20-P21,120
BP20-P30,120
BP20-P31,120
BP20-P32,420
BP20-P41,120
BP20-P42,220
BP20-P47,220
BP20-P48,120
BP20-P49,120
BP20-P55,120
BP20-P56,120
BP20-P04,120
BP20-P05,120
BP20-P06,220
BP20-P16,120
BP20-P22,220
BP20-P23,180
BP20-P33,320
BP20-P34,420
BP20-P35,500
BP20-P43,220
BP20-P50,220
BP20-P51,120
BP20-P52,120
BP20-P57,120
BP20-P58,120
BP20-P59,120
BP20-P07,80
BP20-P08,120
BP20-P09,220
BP20-P10,320
BP20-P11,120
BP20-P12,120
BP20-P17,120
BP20-P18,120
BP20-P19,180
BP20-P20,120
BP20-P24,120
BP20-P25,120
BP20-P26,180
BP20-P27,320
BP20-P28,120
BP20-P29,580
BP20-P36,120
BP20-P37,120
BP20-P38,120
BP20-P39,120
BP20-P40,120
BP20-P44,120
BP20-P45,120
BP20-P46,120
BP20-P53,220
BP20-P54,120
BP20-P60,180
BP20-P61,320
BP20-P62,320
BP20-P63,500
BP20-P64,320
BP20-P65,320
BP20-P66,180
BP20-P67,220
BP20-P68,180
BP20-P69,180
BP20-P70,180
BP20-LD01,5980
BP20-LD02,5980
BP20-LD03,24800
BP20-LD04,29800
BP20-LD05,19800
BP20-LD06,5980
BP20-T01,30
BP20-T02,30
BP20-T03,30
BP20-T04,30
BP20-T05,30
BP20-T06,30
BP20-T07,30
BP20-T08,30
BP20-T09,30
BP20-T10,30
BP20-T11,30
BP20-T12,30
BP20-T13,30
BP20-T14,30
BP20-T15,30
BP20-T16,30
BP20-T17,30
BP20-T18,30
BP19-SP01,89800
BP19-U01,7980
BP19-U02,9980
BP19-U03,4980
BP19-U04,3980
BP19-U05,2980
BP19-U06,2980
BP19-U07,3480
BP19-SL01,3480
BP19-SL02,1780
BP19-SL03,680
BP19-SL04,3480
BP19-SL05,6980
BP19-SL06,2480
BP19-SL07,500
BP19-SL08,1480
BP19-SL09,1480
BP19-SL10,3980
BP19-SL11,1280
BP19-SL12,780
BP19-SL13,2980
BP19-SL14,780
BP19-SL15,980
BP19-SL16,980
BP19-SL17,780
BP19-SL18,780
BP19-SL19,1980
BP19-SL20,1980
BP19-SL21,2980
BP19-SL22,500
BP19-SL23,500
BP19-SL24,500
BP19-SL25,500
BP19-SL26,780
BP19-SL27,980
BP19-SL28,3980
BP19-001,1480
BP19-002,1480
BP19-003,420
BP19-004,980
BP19-019,5980
BP19-020,1480
BP19-021,220
BP19-022,980
BP19-023,980
BP19-038,1280
BP19-039,980
BP19-040,500
BP19-041,1980
BP19-056,220
BP19-057,320
BP19-058,500
BP19-059,320
BP19-074,500
BP19-075,780
BP19-076,980
BP19-077,1980
BP19-092,320
BP19-093,220
BP19-094,320
BP19-095,220
BP19-110,320
BP19-111,320
BP19-112,1980
BP19-005,80
BP19-006,120
BP19-007,80
BP19-008,80
BP19-024,80
BP19-025,120
BP19-026,80
BP19-027,80
BP19-042,80
BP19-043,120
BP19-044,80
BP19-045,80
BP19-060,80
BP19-061,120
BP19-062,80
BP19-063,80
BP19-078,80
BP19-079,120
BP19-080,80
BP19-081,80
BP19-096,80
BP19-097,120
BP19-098,80
BP19-099,80
BP19-113,80
BP19-114,120
BP19-115,120
BP19-116,220
BP19-009,50
BP19-010,80
BP19-011,50
BP19-012,50
BP19-028,50
BP19-029,80
BP19-030,50
BP19-031,50
BP19-046,50
BP19-047,80
BP19-048,50
BP19-049,50
BP19-064,50
BP19-065,80
BP19-066,50
BP19-067,50
BP19-082,50
BP19-083,80
BP19-084,50
BP19-085,50
BP19-100,50
BP19-101,80
BP19-102,50
BP19-103,50
BP19-117,50
BP19-118,80
BP19-119,50
BP19-120,50
BP19-013,30
BP19-014,50
BP19-015,30
BP19-016,30
BP19-017,30
BP19-018,30
BP19-032,30
BP19-033,50
BP19-034,30
BP19-035,30
BP19-036,30
BP19-037,30
BP19-050,30
BP19-051,50
BP19-052,30
BP19-053,30
BP19-054,30
BP19-055,30
BP19-068,30
BP19-069,50
BP19-070,30
BP19-071,30
BP19-072,30
BP19-073,30
BP19-086,30
BP19-087,50
BP19-088,30
BP19-089,30
BP19-090,30
BP19-091,30
BP19-104,30
BP19-105,50
BP19-106,30
BP19-107,30
BP19-108,30
BP19-109,30
BP19-P01,320
BP19-P02,320
BP19-P03,320
BP19-P06,220
BP19-P11,320
BP19-P12,320
BP19-P13,320
BP19-P16,220
BP19-P21,320
BP19-P22,320
BP19-P26,220
BP19-P31,220
BP19-P32,220
BP19-P04,320
BP19-P07,980
BP19-P08,980
BP19-P14,220
BP19-P15,220
BP19-P17,220
BP19-P18,220
BP19-P19,180
BP19-P23,320
BP19-P24,320
BP19-P27,220
BP19-P28,220
BP19-P29,220
BP19-P30,220
BP19-P05,320
BP19-P09,320
BP19-P10,220
BP19-P20,220
BP19-P25,320
BP19-P33,780
BP19-P34,500
BP19-T01,30
BP19-T02,30
BP19-T03,30
BP19-T04,30
BP19-T05,30
BP19-T06,30
BP19-T07,30
BP19-T08,30
BP18-SP01,69800
BP18-SP02,79800
BP18-SP03,59800
BP18-SP04,39800
BP18-SP05,49800
BP18-SP06,14800
BP18-U01,1480
BP18-U02,3480
BP18-U03,2980
BP18-U04,7980
BP18-U05,2980
BP18-U06,1480
BP18-U07,1980
BP18-SL01,500
BP18-SL02,320
BP18-SL03,420
BP18-SL04,1280
BP18-SL05,980
BP18-SL06,680
BP18-SL07,500
BP18-SL08,980
BP18-SL09,780
BP18-SL10,420
BP18-SL11,500
BP18-SL12,420
BP18-SL13,2480
BP18-SL14,980
BP18-SL15,1480
BP18-SL16,1480
BP18-SL17,2980
BP18-SL18,680
BP18-SL19,780
BP18-SL20,1480
BP18-SL21,1480
BP18-SL22,500
BP18-SL23,500
BP18-SL24,420
BP18-SL25,420
BP18-SL26,980
BP18-SL27,3980
BP18-SL28,420
BP18-001,220
BP18-002,220
BP18-003,220
BP18-004,500
BP18-020,320
BP18-021,500
BP18-022,220
BP18-023,500
BP18-039,220
BP18-040,320
BP18-041,220
BP18-042,220
BP18-058,980
BP18-059,780
BP18-060,780
BP18-061,980
BP18-077,2480
BP18-078,500
BP18-079,320
BP18-080,500
BP18-081,780
BP18-097,220
BP18-098,220
BP18-099,220
BP18-100,220
BP18-116,580
BP18-117,2480
BP18-118,220
BP18-005,50
BP18-006,80
BP18-007,50
BP18-008,50
BP18-024,50
BP18-025,80
BP18-026,50
BP18-027,50
BP18-043,50
BP18-044,80
BP18-045,50
BP18-046,50
BP18-062,50
BP18-063,80
BP18-064,50
BP18-065,50
BP18-082,50
BP18-083,80
BP18-084,50
BP18-085,50
BP18-101,50
BP18-102,80
BP18-103,50
BP18-104,50
BP18-119,50
BP18-120,50
BP18-009,50
BP18-010,50
BP18-011,50
BP18-012,50
BP18-013,50
BP18-028,50
BP18-029,50
BP18-030,50
BP18-031,50
BP18-047,50
BP18-048,50
BP18-049,50
BP18-050,50
BP18-066,50
BP18-067,50
BP18-068,50
BP18-069,50
BP18-070,50
BP18-086,50
BP18-087,50
BP18-088,50
BP18-089,50
BP18-105,50
BP18-106,50
BP18-107,50
BP18-108,50
BP18-109,50
BP18-121,50
BP18-122,50
BP18-123,50
BP18-014,30
BP18-015,30
BP18-016,30
BP18-017,30
BP18-018,30
BP18-019,50
BP18-032,30
BP18-033,30
BP18-034,30
BP18-035,30
BP18-036,30
BP18-037,30
BP18-038,30
BP18-051,30
BP18-052,30
BP18-053,30
BP18-054,30
BP18-055,30
BP18-056,30
BP18-057,30
BP18-071,30
BP18-072,30
BP18-073,30
BP18-074,30
BP18-075,30
BP18-076,30
BP18-090,30
BP18-091,30
BP18-092,30
BP18-093,30
BP18-094,30
BP18-095,30
BP18-096,30
BP18-110,30
BP18-111,30
BP18-112,30
BP18-113,30
BP18-114,30
BP18-115,30
BP18-124,30
BP18-125,30
BP18-126,30
BP18-P01,320
BP18-P02,220
BP18-P03,680
BP18-P04,180
BP18-P09,220
BP18-P10,220
BP18-P11,220
BP18-P17,320
BP18-P18,320
BP18-P19,220
BP18-P32,320
BP18-P33,180
BP18-P34,220
BP18-P41,180
BP18-P42,220
BP18-P43,220
BP18-P05,220
BP18-P06,220
BP18-P12,220
BP18-P13,220
BP18-P20,320
BP18-P21,320
BP18-P22,220
BP18-P26,220
BP18-P27,220
BP18-P28,780
BP18-P35,220
BP18-P36,220
BP18-P37,220
BP18-P38,500
BP18-P44,420
BP18-P45,420
BP18-P07,220
BP18-P08,220
BP18-P14,320
BP18-P15,320
BP18-P16,220
BP18-P23,220
BP18-P24,220
BP18-P25,220
BP18-P29,320
BP18-P30,220
BP18-P31,220
BP18-P39,320
BP18-P40,220
BP18-P46,420
BP18-P47,420
BP18-P48,220
BP18-P49,420
BP18-P50,220
BP18-P51,220
BP18-P52,220
BP18-P53,320
BP18-P54,320
BP18-P55,220
BP18-P56,500
BP18-SEP,19800
BP18-SEP,7980
BP18-T01,30
BP18-T02,30
BP18-T03,30
BP18-T04,30
BP18-T05,30
BP18-T06,30
BP18-T07,30
BP18-T08,30
BP18-T09,30
BP18-T10,30
BP18-T11,30
BP18-T12,30
BP18-T13,30
BP17-SP01,59800
BP17-U01,7980
BP17-U02,5980
BP17-U03,5980
BP17-U04,4980
BP17-U05,4980
BP17-U06,3480
BP17-U07,12800
BP17-U08,2480
BP17-U09,2980
BP17-SL01,3480
BP17-SL02,980
BP17-SL03,320
BP17-SL04,320
BP17-SL05,1980
BP17-SL06,320
BP17-SL07,580
BP17-SL08,500
BP17-SL09,420
BP17-SL10,420
BP17-SL11,780
BP17-SL12,1480
BP17-SL13,1480
BP17-SL14,320
BP17-SL15,980
BP17-SL16,980
BP17-SL17,4980
BP17-SL18,3980
BP17-SL19,3480
BP17-SL20,4980
BP17-SL21,420
BP17-SL22,420
BP17-SL23,320
BP17-SL24,320
BP17-SL25,320
BP17-SL26,1980
BP17-SL27,780
BP17-SL28,580
BP17-001,1980
BP17-002,220
BP17-003,220
BP17-004,120
BP17-019,1480
BP17-020,220
BP17-021,320
BP17-022,220
BP17-037,220
BP17-038,220
BP17-039,500
BP17-040,980
BP17-055,980
BP17-056,120
BP17-057,680
BP17-058,680
BP17-073,2980
BP17-074,1980
BP17-075,1480
BP17-076,1780
BP17-091,320
BP17-092,220
BP17-093,120
BP17-094,120
BP17-095,120
BP17-110,780
BP17-111,500
BP17-112,320
BP17-005,50
BP17-006,80
BP17-007,50
BP17-008,50
BP17-023,50
BP17-024,80
BP17-025,50
BP17-026,50
BP17-041,50
BP17-042,120
BP17-043,50
BP17-044,50
BP17-059,50
BP17-060,80
BP17-061,50
BP17-062,50
BP17-077,50
BP17-078,220
BP17-079,50
BP17-080,50
BP17-096,50
BP17-097,80
BP17-098,50
BP17-099,50
BP17-113,120
BP17-114,420
BP17-115,50
BP17-116,50
BP17-009,50
BP17-010,50
BP17-011,50
BP17-012,50
BP17-027,50
BP17-028,50
BP17-029,50
BP17-030,50
BP17-045,50
BP17-046,50
BP17-047,50
BP17-048,50
BP17-063,50
BP17-064,50
BP17-065,50
BP17-066,50
BP17-081,50
BP17-082,50
BP17-083,50
BP17-084,50
BP17-100,50
BP17-101,50
BP17-102,50
BP17-103,50
BP17-117,50
BP17-118,50
BP17-119,50
BP17-013,30
BP17-014,30
BP17-015,30
BP17-016,30
BP17-017,30
BP17-018,30
BP17-031,30
BP17-032,30
BP17-033,30
BP17-034,30
BP17-035,30
BP17-036,30
BP17-049,30
BP17-050,30
BP17-051,30
BP17-052,30
BP17-053,30
BP17-054,30
BP17-067,30
BP17-068,30
BP17-069,30
BP17-070,30
BP17-071,30
BP17-072,30
BP17-085,30
BP17-086,30
BP17-087,30
BP17-088,30
BP17-089,30
BP17-090,30
BP17-104,30
BP17-105,30
BP17-106,30
BP17-107,30
BP17-108,30
BP17-109,30
BP17-P01,320
BP17-P05,220
BP17-P09,500
BP17-P10,220
BP17-P11,320
BP17-P14,180
BP17-P15,220
BP17-P16,220
BP17-P18,500
BP17-P22,120
BP17-P23,120
BP17-P24,500
BP17-P02,220
BP17-P03,320
BP17-P06,420
BP17-P12,320
BP17-P19,2480
BP17-P20,320
BP17-P21,220
BP17-P27,420
BP17-P28,680
BP17-P04,220
BP17-P07,500
BP17-P08,120
BP17-P13,320
BP17-P17,220
BP17-P25,320
BP17-P26,220
BP17-P29,320
BP17-P30,320
BP17-P31,220
BP17-P32,220
BP17-P33,220
BP17-P34,220
BP17-P35,320
BP17-T01,30
BP17-T02,30
BP17-T03,30
BP17-T04,30
BP17-T05,30
BP17-T06,30
BP17-T07,30
BP17-T08,30
BP17-T09,30
BP17-T10,30
BP17-T11,30
BP17-T12,30
BP17-T13,30
BP17-T14,30
BP17-T15,30
BP17-T16,30
BP17-T17,30
BP17-T18,30
BP17-T19,30
BP16-SP01,19800
BP16-U01,7980
BP16-U02,2480
BP16-U03,6980
BP16-U04,3480
BP16-U05,7980
BP16-U06,2480
BP16-U07,2980
BP16-SL01,1280
BP16-SL02,500
BP16-SL03,1480
BP16-SL04,580
BP16-SL05,1980
BP16-SL06,1280
BP16-SL07,220
BP16-SL08,1980
BP16-SL09,1280
BP16-SL10,500
BP16-SL11,420
BP16-SL12,320
BP16-SL13,320
BP16-SL14,320
BP16-SL15,980
BP16-SL16,3480
BP16-SL17,420
BP16-SL18,420
BP16-SL19,1980
BP16-SL20,320
BP16-SL21,320
BP16-SL22,1980
BP16-SL23,580
BP16-SL24,500
BP16-SL25,420
BP16-SL26,680
BP16-SL27,1480
BP16-SL28,980
BP16-SL29,320
BP16-001,120
BP16-002,120
BP16-003,780
BP16-004,120
BP16-019,1280
BP16-020,980
BP16-021,120
BP16-022,1480
BP16-037,780
BP16-038,220
BP16-039,320
BP16-040,120
BP16-041,120
BP16-056,120
BP16-057,500
BP16-058,2480
BP16-059,220
BP16-060,220
BP16-075,500
BP16-076,120
BP16-077,220
BP16-078,780
BP16-093,120
BP16-094,120
BP16-095,220
BP16-096,320
BP16-111,980
BP16-112,680
BP16-113,120
BP16-005,50
BP16-006,50
BP16-007,50
BP16-008,50
BP16-023,50
BP16-024,50
BP16-025,50
BP16-026,50
BP16-042,50
BP16-043,50
BP16-044,50
BP16-045,50
BP16-061,50
BP16-062,50
BP16-063,50
BP16-064,50
BP16-079,50
BP16-080,80
BP16-081,50
BP16-082,50
BP16-097,50
BP16-098,50
BP16-099,50
BP16-100,50
BP16-114,50
BP16-115,50
BP16-116,50
BP16-117,80
BP16-009,50
BP16-010,50
BP16-011,50
BP16-012,50
BP16-027,50
BP16-028,50
BP16-029,50
BP16-030,50
BP16-046,50
BP16-047,50
BP16-048,50
BP16-049,50
BP16-065,50
BP16-066,50
BP16-067,50
BP16-068,50
BP16-083,50
BP16-084,50
BP16-085,50
BP16-086,50
BP16-101,50
BP16-102,50
BP16-103,50
BP16-104,50
BP16-118,220
BP16-119,1280
BP16-120,50
BP16-121,50
BP16-013,30
BP16-014,30
BP16-015,30
BP16-016,30
BP16-017,30
BP16-018,30
BP16-031,30
BP16-032,30
BP16-033,30
BP16-034,30
BP16-035,30
BP16-036,30
BP16-050,30
BP16-051,30
BP16-052,30
BP16-053,30
BP16-054,30
BP16-055,30
BP16-069,30
BP16-070,30
BP16-071,30
BP16-072,30
BP16-073,30
BP16-074,30
BP16-087,30
BP16-088,30
BP16-089,30
BP16-090,30
BP16-091,30
BP16-092,30
BP16-105,30
BP16-106,30
BP16-107,30
BP16-108,30
BP16-109,30
BP16-110,30
BP16-P01,220
BP16-P02,220
BP16-P03,320
BP16-P05,780
BP16-P06,180
BP16-P09,220
BP16-P10,220
BP16-P11,500
BP16-P13,120
BP16-P14,120
BP16-P17,420
BP16-P18,420
BP16-P21,320
BP16-P22,320
BP16-P25,180
BP16-P26,180
BP16-P27,120
BP16-P07,500
BP16-P15,120
BP16-P19,500
BP16-P23,320
BP16-P28,180
BP16-P04,220
BP16-P08,320
BP16-P12,500
BP16-P16,120
BP16-P20,180
BP16-P24,180
BP16-P29,780
BP16-P30,500
BP16-P31,500
BP16-P32,220
BP16-P33,320
BP16-P34,320
BP16-P35,320
BP16-T01,30
BP16-T02,80
BP16-T03,30
BP16-T04,30
BP16-T05,30
BP16-T06,30
BP16-T07,30
BP16-T08,30
BP16-T09,30
BP16-T10,30
BP16-T11,30
BP16-T12,30
BP16-T13,30
BP16-T14,30
BP16-T15,30
BP16-T16,30
BP16-T17,30
BP16-T18,30
BP16-T19,30
BP16-T20,30
BP16-T21,30
BP16-T22,30
BP15-SP01,14800
BP15-SP02,39800
BP15-U01,1280
BP15-U02,1980
BP15-U03,1780
BP15-U04,5980
BP15-U05,1980
BP15-U06,1480
BP15-U07,5980
BP15-SL01,420
BP15-SL02,780
BP15-SL03,780
BP15-SL04,1980
BP15-SL05,1480
BP15-SL06,2480
BP15-SL07,220
BP15-SL08,420
BP15-SL09,1280
BP15-SL10,780
BP15-SL11,3480
BP15-SL12,3480
BP15-SL13,680
BP15-SL14,980
BP15-SL15,2980
BP15-SL16,420
BP15-SL17,680
BP15-SL18,980
BP15-SL19,980
BP15-SL20,680
BP15-SL21,980
BP15-SL22,780
BP15-SL23,500
BP15-SL24,500
BP15-SL25,500
BP15-SL26,420
BP15-SL27,780
BP15-SL28,980
BP15-SL29,5980
BP15-SL30,4980
BP15-001,220
BP15-002,220
BP15-003,500
BP15-004,1280
BP15-005,980
BP15-020,980
BP15-021,120
BP15-022,220
BP15-023,580
BP15-038,500
BP15-039,980
BP15-040,2980
BP15-041,220
BP15-042,320
BP15-057,1980
BP15-058,220
BP15-059,320
BP15-060,420
BP15-061,780
BP15-076,420
BP15-077,680
BP15-078,220
BP15-079,320
BP15-094,120
BP15-095,320
BP15-096,220
BP15-097,500
BP15-112,500
BP15-113,3980
BP15-114,3980
BP15-006,50
BP15-007,80
BP15-008,50
BP15-009,50
BP15-024,50
BP15-025,80
BP15-026,50
BP15-027,50
BP15-043,50
BP15-044,50
BP15-045,50
BP15-046,50
BP15-062,50
BP15-063,80
BP15-064,50
BP15-065,50
BP15-080,50
BP15-081,50
BP15-082,50
BP15-083,50
BP15-098,50
BP15-099,80
BP15-100,50
BP15-101,50
BP15-115,50
BP15-116,80
BP15-117,50
BP15-118,50
BP15-010,50
BP15-011,50
BP15-012,50
BP15-013,50
BP15-028,50
BP15-029,80
BP15-030,50
BP15-031,50
BP15-047,50
BP15-048,80
BP15-049,50
BP15-050,50
BP15-066,50
BP15-067,80
BP15-068,50
BP15-069,50
BP15-084,50
BP15-085,80
BP15-086,50
BP15-087,50
BP15-102,50
BP15-103,50
BP15-104,50
BP15-105,50
BP15-119,50
BP15-120,50
BP15-121,50
BP15-122,50
BP15-014,30
BP15-015,30
BP15-016,30
BP15-017,30
BP15-018,30
BP15-019,30
BP15-032,30
BP15-033,30
BP15-034,30
BP15-035,30
BP15-036,30
BP15-037,30
BP15-051,30
BP15-052,30
BP15-053,30
BP15-054,30
BP15-055,30
BP15-056,30
BP15-070,30
BP15-071,30
BP15-072,30
BP15-073,30
BP15-074,30
BP15-075,30
BP15-088,30
BP15-089,30
BP15-090,30
BP15-091,30
BP15-092,30
BP15-093,30
BP15-106,30
BP15-107,30
BP15-108,30
BP15-109,30
BP15-110,30
BP15-111,30
BP15-123,30
BP15-124,30
BP15-125,30
BP15-126,30
BP15-P01,220
BP15-P05,500
BP15-P09,320
BP15-P13,220
BP15-P17,180
BP15-P18,180
BP15-P21,120
BP15-P25,320
BP15-P26,220
BP15-P02,220
BP15-P06,220
BP15-P07,180
BP15-P10,180
BP15-P11,180
BP15-P12,120
BP15-P14,220
BP15-P15,180
BP15-P19,180
BP15-P22,120
BP15-P23,120
BP15-P27,120
BP15-P03,320
BP15-P04,120
BP15-P08,220
BP15-P16,180
BP15-P20,120
BP15-P24,120
BP15-P28,120
BP15-P29,320
BP15-P30,320
BP15-P31,220
BP15-P32,500
BP15-P33,320
BP15-P34,320
BP15-PR09,120
BP15-PR10,120
BP15-PR11,120
BP15-PR12,220
BP15-PR13,120
BP15-PR14,120
BP15-PR15,80
BP15-PR16,80
BP15-PR17,120
BP15-PR18,220
BP15-PR01,2980
BP15-PR02,3480
BP15-PR03,14800
BP15-PR04,5980
BP15-PR05,14800
BP15-PR06,3980
BP15-PR07,14800
BP15-PR08,3980
BP15-PR19,50
BP15-PR20,50
BP15-PR21,50
BP15-PR22,50
BP15-PR23,50
BP15-PR24,50
BP15-PR25,50
BP15-PR26,50
BP15-PR27,50
BP15-PR28,50
BP15-T01,30
BP15-T02,30
BP15-T03,30
BP15-T04,30
BP15-T05,30
BP15-T06,30
BP14-SP01,49800
BP14-SP02,24800
BP14-U01,3480
BP14-U02,2480
BP14-U03,5980
BP14-U04,3480
BP14-U05,2480
BP14-U06,2980
BP14-U07,4980
BP14-SL01,500
BP14-SL02,420
BP14-SL03,320
BP14-SL04,1480
BP14-SL05,780
BP14-SL06,320
BP14-SL07,180
BP14-SL08,980
BP14-SL09,500
BP14-SL10,420
BP14-SL11,500
BP14-SL12,420
BP14-SL13,320
BP14-SL14,3480
BP14-SL15,1280
BP14-SL16,980
BP14-SL17,780
BP14-SL18,320
BP14-SL19,320
BP14-SL20,500
BP14-SL21,680
BP14-SL22,220
BP14-SL23,680
BP14-001,320
BP14-002,220
BP14-003,120
BP14-018,500
BP14-019,320
BP14-020,120
BP14-021,120
BP14-036,220
BP14-037,180
BP14-038,180
BP14-053,320
BP14-054,320
BP14-055,120
BP14-070,2980
BP14-071,980
BP14-072,680
BP14-073,500
BP14-088,120
BP14-089,120
BP14-090,220
BP14-105,180
BP14-106,120
BP14-107,320
BP14-004,50
BP14-005,80
BP14-006,50
BP14-007,50
BP14-022,50
BP14-023,120
BP14-024,50
BP14-025,50
BP14-039,50
BP14-040,50
BP14-041,50
BP14-042,120
BP14-056,50
BP14-057,80
BP14-058,50
BP14-059,50
BP14-074,50
BP14-075,80
BP14-076,80
BP14-077,50
BP14-091,50
BP14-092,80
BP14-093,50
BP14-094,50
BP14-108,80
BP14-109,120
BP14-110,50
BP14-111,50
BP14-008,50
BP14-009,50
BP14-010,50
BP14-011,50
BP14-026,50
BP14-027,80
BP14-028,50
BP14-029,50
BP14-043,50
BP14-044,50
BP14-045,50
BP14-046,50
BP14-060,50
BP14-061,50
BP14-062,50
BP14-063,50
BP14-078,50
BP14-079,50
BP14-080,50
BP14-081,50
BP14-095,50
BP14-096,50
BP14-097,50
BP14-098,50
BP14-112,50
BP14-113,50
BP14-114,50
BP14-115,80
BP14-012,50
BP14-013,80
BP14-014,30
BP14-015,30
BP14-016,30
BP14-017,30
BP14-030,30
BP14-031,50
BP14-032,30
BP14-033,30
BP14-034,30
BP14-035,30
BP14-047,30
BP14-048,30
BP14-049,30
BP14-050,30
BP14-051,30
BP14-052,30
BP14-064,30
BP14-065,30
BP14-066,30
BP14-067,30
BP14-068,30
BP14-069,50
BP14-082,30
BP14-083,30
BP14-084,50
BP14-085,30
BP14-086,30
BP14-087,30
BP14-099,30
BP14-100,30
BP14-101,30
BP14-102,30
BP14-103,30
BP14-104,30
BP14-116,30
BP14-117,30
BP14-118,80
BP14-119,30
BP14-P01,420
BP14-P05,680
BP14-P06,320
BP14-P09,680
BP14-P13,220
BP14-P21,220
BP14-P22,220
BP14-P25,180
BP14-P02,320
BP14-P03,320
BP14-P10,220
BP14-P11,220
BP14-P14,120
BP14-P15,180
BP14-P17,320
BP14-P18,180
BP14-P19,500
BP14-P04,180
BP14-P07,320
BP14-P08,580
BP14-P12,220
BP14-P16,180
BP14-P20,500
BP14-P23,220
BP14-P24,180
BP14-P26,180
BP14-P27,120
BP14-P28,1480
BP14-P29,500
BP14-P30,220
BP14-P31,180
BP14-P32,500
BP14-P33,220
BP14-T01,50
BP14-T02,80
BP14-T03,50
BP14-T04,50
BP14-T05,50
BP14-T06,50
BP14-T07,50
BP14-T08,30
BP14-T09,30
BP13-SP01,59800
BP13-SP02,39800
BP13-U01,7980
BP13-U02,2480
BP13-U03,3980
BP13-U04,2980
BP13-U05,2980
BP13-U06,3980
BP13-U07,4980
BP13-SL01,1480
BP13-SL02,4980
BP13-SL03,1280
BP13-SL04,780
BP13-SL05,780
BP13-SL06,780
BP13-SL07,500
BP13-SL08,1980
BP13-SL09,320
BP13-SL10,180
BP13-SL11,1480
BP13-SL12,1480
BP13-SL13,580
BP13-SL14,980
BP13-SL15,580
BP13-SL16,980
BP13-SL17,780
BP13-SL18,780
BP13-SL19,500
BP13-SL20,780
BP13-SL21,980
BP13-SL22,780
BP13-SL23,1980
BP13-001,980
BP13-002,1980
BP13-003,500
BP13-004,500
BP13-019,120
BP13-020,120
BP13-021,220
BP13-036,1480
BP13-037,220
BP13-038,180
BP13-039,500
BP13-054,980
BP13-055,500
BP13-056,320
BP13-071,320
BP13-072,500
BP13-073,500
BP13-088,680
BP13-089,220
BP13-090,180
BP13-105,320
BP13-106,500
BP13-107,1280
BP13-005,50
BP13-006,80
BP13-007,50
BP13-008,120
BP13-022,50
BP13-023,80
BP13-024,50
BP13-025,50
BP13-040,50
BP13-041,80
BP13-042,120
BP13-043,50
BP13-057,50
BP13-058,50
BP13-059,80
BP13-060,50
BP13-074,50
BP13-075,80
BP13-076,80
BP13-077,80
BP13-091,80
BP13-092,120
BP13-093,50
BP13-094,50
BP13-108,80
BP13-109,420
BP13-110,50
BP13-111,50
BP13-009,50
BP13-010,80
BP13-011,50
BP13-012,50
BP13-026,50
BP13-027,50
BP13-028,50
BP13-029,50
BP13-044,50
BP13-045,80
BP13-046,50
BP13-047,50
BP13-061,50
BP13-062,80
BP13-063,50
BP13-064,50
BP13-078,50
BP13-079,80
BP13-080,50
BP13-081,50
BP13-095,50
BP13-096,80
BP13-097,50
BP13-098,50
BP13-112,50
BP13-113,50
BP13-114,50
BP13-115,50
BP13-013,30
BP13-014,30
BP13-015,30
BP13-016,30
BP13-017,30
BP13-018,30
BP13-030,30
BP13-031,30
BP13-032,30
BP13-033,30
BP13-034,30
BP13-035,30
BP13-048,30
BP13-049,30
BP13-050,30
BP13-051,30
BP13-052,30
BP13-053,30
BP13-065,30
BP13-066,30
BP13-067,30
BP13-068,30
BP13-069,30
BP13-070,30
BP13-082,30
BP13-083,30
BP13-084,30
BP13-085,30
BP13-086,30
BP13-087,30
BP13-099,30
BP13-100,30
BP13-101,30
BP13-102,30
BP13-103,30
BP13-104,30
BP13-116,30
BP13-117,30
BP13-118,30
BP13-119,30
BP13-P01,500
BP13-P05,220
BP13-P09,500
BP13-P13,500
BP13-P17,220
BP13-P18,180
BP13-P21,220
BP13-P25,320
BP13-P02,180
BP13-P03,220
BP13-P06,220
BP13-P07,180
BP13-P10,500
BP13-P11,500
BP13-P14,320
BP13-P15,320
BP13-P19,320
BP13-P22,180
BP13-P23,180
BP13-P26,180
BP13-P27,180
BP13-P04,120
BP13-P08,180
BP13-P12,180
BP13-P16,500
BP13-P20,180
BP13-P24,180
BP13-P28,220
BP13-P29,420
BP13-P30,500
BP13-P31,500
BP13-P32,320
BP13-T01,50
BP13-T02,50
BP13-T03,50
BP13-T04,50
BP13-T05,50
BP13-T06,30
BP13-T07,30
BP13-T08,30
BP13-T09,30
BP13-T10,30
BP13-T11,30
BP13-T12,30
BP12-U01,3980
BP12-U02,1980
BP12-U03,5980
BP12-U04,6980
BP12-U05,9980
BP12-U06,6980
BP12-U07,8980
BP12-SL01,220
BP12-SL02,1280
BP12-SL03,1280
BP12-SL04,1280
BP12-SL05,420
BP12-SL06,180
BP12-SL07,780
BP12-SL08,780
BP12-SL09,980
BP12-SL10,780
BP12-SL11,780
BP12-SL12,980
BP12-SL13,980
BP12-SL14,980
BP12-SL15,780
BP12-SL16,680
BP12-SL17,1480
BP12-SL18,980
BP12-SL19,780
BP12-SL20,1280
BP12-SL21,980
BP12-SL22,2980
BP12-SL23,980
BP12-SL24,980
BP12-SL25,580
BP12-SL26,780
BP12-SL27,3980
BP12-001,120
BP12-002,220
BP12-003,420
BP12-018,180
BP12-019,180
BP12-020,320
BP12-035,420
BP12-036,500
BP12-037,420
BP12-052,320
BP12-053,220
BP12-054,220
BP12-069,500
BP12-070,320
BP12-071,320
BP12-086,420
BP12-087,1480
BP12-088,180
BP12-103,1480
BP12-004,80
BP12-005,220
BP12-006,80
BP12-007,80
BP12-021,80
BP12-022,80
BP12-023,80
BP12-024,80
BP12-038,80
BP12-039,80
BP12-040,80
BP12-041,80
BP12-055,50
BP12-056,220
BP12-057,80
BP12-058,80
BP12-072,80
BP12-073,80
BP12-074,80
BP12-075,80
BP12-089,80
BP12-090,80
BP12-091,80
BP12-092,80
BP12-104,120
BP12-105,180
BP12-106,80
BP12-107,180
BP12-008,50
BP12-009,50
BP12-010,50
BP12-011,50
BP12-025,50
BP12-026,50
BP12-027,50
BP12-028,50
BP12-042,50
BP12-043,50
BP12-044,50
BP12-045,50
BP12-059,50
BP12-060,50
BP12-061,50
BP12-062,50
BP12-076,50
BP12-077,50
BP12-078,50
BP12-079,220
BP12-093,50
BP12-094,50
BP12-095,50
BP12-096,50
BP12-108,50
BP12-109,50
BP12-110,50
BP12-111,50
BP12-012,30
BP12-013,50
BP12-014,30
BP12-015,30
BP12-016,30
BP12-017,30
BP12-029,30
BP12-030,30
BP12-031,30
BP12-032,30
BP12-033,30
BP12-034,30
BP12-046,30
BP12-047,30
BP12-048,30
BP12-049,30
BP12-050,30
BP12-051,30
BP12-063,30
BP12-064,30
BP12-065,30
BP12-066,30
BP12-067,30
BP12-068,30
BP12-080,30
BP12-081,30
BP12-082,30
BP12-083,30
BP12-084,30
BP12-085,30
BP12-097,30
BP12-098,30
BP12-099,50
BP12-100,30
BP12-101,30
BP12-102,30
BP12-112,30
BP12-113,30
BP12-114,30
BP12-115,30
BP12-P01,420
BP12-P02,420
BP12-P03,220
BP12-P10,420
BP12-P11,320
BP12-P13,320
BP12-P14,220
BP12-P16,220
BP12-P17,220
BP12-P20,980
BP12-P21,980
BP12-P04,420
BP12-P05,420
BP12-P07,220
BP12-P08,220
BP12-P09,420
BP12-P12,120
BP12-P18,320
BP12-P22,120
BP12-P06,180
BP12-P15,420
BP12-P19,320
BP12-P23,120
BP12-P24,500
BP12-P25,320
BP12-P26,420
BP12-P27,680
BP12-P28,220
-,49800
-,19800
BP12-T01,30
BP12-T02,30
BP12-T03,30
BP12-T04,30
BP12-T05,30
BP12-T06,30
BP12-T07,30
BP12-T08,30
BP12-T09,30
BP12-T10,50
BP12-T11,50
BP12-T12,50
BP11-SP01,69800
BP11-SP02,79800
BP11-U01,5980
BP11-U02,9980
BP11-U03,2480
BP11-U04,4980
BP11-U05,4980
BP11-U06,4980
BP11-U07,3980
BP11-SL01,180
BP11-SL02,320
BP11-SL03,1980
BP11-SL04,1980
BP11-SL05,980
BP11-SL06,500
BP11-SL07,500
BP11-SL08,680
BP11-SL09,220
BP11-SL10,420
BP11-SL11,500
BP11-SL12,500
BP11-SL13,780
BP11-SL14,680
BP11-SL15,500
BP11-SL16,500
BP11-SL17,420
BP11-SL18,680
BP11-SL19,580
BP11-SL20,580
BP11-001,220
BP11-002,220
BP11-003,1280
BP11-018,1480
BP11-019,320
BP11-020,500
BP11-035,220
BP11-036,320
BP11-037,220
BP11-052,220
BP11-053,320
BP11-054,320
BP11-069,320
BP11-070,320
BP11-071,220
BP11-086,220
BP11-087,220
BP11-088,120
BP11-103,180
BP11-104,220
BP11-004,50
BP11-005,80
BP11-006,80
BP11-007,50
BP11-021,50
BP11-022,80
BP11-023,120
BP11-024,120
BP11-038,50
BP11-039,80
BP11-040,50
BP11-041,50
BP11-055,80
BP11-056,80
BP11-057,50
BP11-058,80
BP11-072,80
BP11-073,80
BP11-074,80
BP11-075,120
BP11-089,80
BP11-090,220
BP11-091,50
BP11-092,80
BP11-105,120
BP11-106,180
BP11-107,50
BP11-108,80
BP11-008,50
BP11-009,50
BP11-010,50
BP11-011,50
BP11-025,50
BP11-026,50
BP11-027,50
BP11-028,50
BP11-042,50
BP11-043,80
BP11-044,50
BP11-045,320
BP11-059,50
BP11-060,50
BP11-061,50
BP11-062,50
BP11-076,50
BP11-077,80
BP11-078,50
BP11-079,50
BP11-093,50
BP11-094,50
BP11-095,50
BP11-096,50
BP11-109,80
BP11-110,120
BP11-111,50
BP11-112,50
BP11-012,30
BP11-013,30
BP11-014,30
BP11-015,30
BP11-016,30
BP11-017,30
BP11-029,30
BP11-030,30
BP11-031,50
BP11-032,30
BP11-033,30
BP11-034,30
BP11-046,50
BP11-047,80
BP11-048,30
BP11-049,30
BP11-050,30
BP11-051,30
BP11-063,120
BP11-064,50
BP11-065,30
BP11-066,30
BP11-067,30
BP11-068,30
BP11-080,30
BP11-081,30
BP11-082,30
BP11-083,30
BP11-084,30
BP11-085,30
BP11-097,30
BP11-098,30
BP11-099,30
BP11-100,30
BP11-101,30
BP11-102,30
BP11-113,50
BP11-114,50
BP11-115,120
BP11-116,30
BP11-P01,180
BP11-P02,180
BP11-P05,680
BP11-P09,320
BP11-P10,320
BP11-P11,220
BP11-P13,180
BP11-P14,220
BP11-P17,1280
BP11-P21,320
BP11-P22,320
BP11-P03,420
BP11-P04,180
BP11-P06,420
BP11-P12,1980
BP11-P15,220
BP11-P18,680
BP11-P19,780
BP11-P20,320
BP11-P23,320
BP11-P25,580
BP11-P26,680
BP11-P07,580
BP11-P08,180
BP11-P16,320
BP11-P24,220
BP11-P27,680
BP11-P28,580
BP11-P29,180
BP11-P30,500
BP11-P31,780
BP11-P32,780
BP11-P33,780
BP11-T01,50
BP11-T02,50
BP11-T03,180
BP11-T04,120
BP11-T05,50
BP11-T06,30
BP11-T07,30
BP11-T08,30
BP11-T09,30
BP11-T10,30
BP11-T11,30
BP10-U01,1980
BP10-U02,1980
BP10-U03,4980
BP10-U04,5980
BP10-U05,5980
BP10-U06,2980
BP10-U07,12800
BP10-SL01,220
BP10-SL02,180
BP10-SL03,220
BP10-SL04,780
BP10-SL05,420
BP10-SL06,320
BP10-SL07,320
BP10-SL08,180
BP10-SL09,420
BP10-SL10,500
BP10-SL11,180
BP10-SL12,320
BP10-SL13,780
BP10-SL14,680
BP10-SL15,220
BP10-SL16,320
BP10-SL17,780
BP10-SL18,780
BP10-SL19,420
BP10-SL20,420
BP10-SL21,780
BP10-SL22,420
BP10-SL23,420
BP10-SL24,320
BP10-SL25,3480
BP10-SL26,4980
BP10-001,120
BP10-002,120
BP10-003,120
BP10-004,320
BP10-019,180
BP10-020,220
BP10-021,180
BP10-022,180
BP10-037,320
BP10-038,220
BP10-039,180
BP10-054,220
BP10-055,220
BP10-056,220
BP10-057,220
BP10-058,220
BP10-059,680
BP10-074,320
BP10-075,220
BP10-076,120
BP10-077,500
BP10-092,220
BP10-093,180
BP10-094,120
BP10-109,780
BP10-110,1980
BP10-005,180
BP10-006,500
BP10-007,80
BP10-008,50
BP10-023,50
BP10-024,120
BP10-025,50
BP10-026,50
BP10-040,50
BP10-041,80
BP10-042,80
BP10-043,80
BP10-060,50
BP10-061,120
BP10-062,80
BP10-063,50
BP10-078,80
BP10-079,180
BP10-080,80
BP10-081,80
BP10-095,50
BP10-096,80
BP10-097,50
BP10-098,80
BP10-111,80
BP10-112,220
BP10-113,80
BP10-114,80
BP10-009,50
BP10-010,50
BP10-011,50
BP10-012,50
BP10-027,50
BP10-028,50
BP10-029,50
BP10-030,50
BP10-044,50
BP10-045,50
BP10-046,50
BP10-047,50
BP10-064,50
BP10-065,50
BP10-066,50
BP10-067,50
BP10-082,50
BP10-083,50
BP10-084,50
BP10-085,50
BP10-099,50
BP10-100,50
BP10-101,50
BP10-102,50
BP10-115,50
BP10-116,50
BP10-117,50
BP10-118,50
BP10-013,30
BP10-014,30
BP10-015,30
BP10-016,30
BP10-017,30
BP10-018,30
BP10-031,30
BP10-032,30
BP10-033,30
BP10-034,30
BP10-035,30
BP10-036,30
BP10-048,30
BP10-049,30
BP10-050,30
BP10-051,30
BP10-052,50
BP10-053,30
BP10-068,30
BP10-069,30
BP10-070,30
BP10-071,30
BP10-072,30
BP10-073,30
BP10-086,30
BP10-087,30
BP10-088,30
BP10-089,30
BP10-090,30
BP10-091,30
BP10-103,30
BP10-104,30
BP10-105,30
BP10-106,30
BP10-107,80
BP10-108,30
BP10-119,30
BP10-120,30
BP10-121,30
BP10-122,30
BP10-P01,120
BP10-P05,180
BP10-P09,500
BP10-P13,220
BP10-P17,120
BP10-P21,180
BP10-P02,220
BP10-P03,180
BP10-P06,120
BP10-P07,120
BP10-P10,180
BP10-P11,120
BP10-P12,220
BP10-P14,180
BP10-P15,220
BP10-P18,180
BP10-P19,120
BP10-P22,180
BP10-P23,180
BP10-P24,120
BP10-P25,220
BP10-P26,180
BP10-P27,120
BP10-P04,120
BP10-P08,220
BP10-P16,120
BP10-P20,180
BP10-P28,120
BP10-LD01,2480
BP10-LD02,7980
BP10-LD03,2980
BP10-LD04,19800
BP10-LD05,9980
BP10-LD06,9980
BP10-LD07,2480
BP10-LD08,2480
BP10-T01,30
BP10-T02,30
BP10-T03,30
BP10-T04,30
BP10-T05,30
BP10-T06,30
BP10-T07,30
BP10-T08,30
BP10-T09,30
BP10-T10,30
BP10-T11,30
BP10-T12,30
BP10-T13,30
BP10-T14,30
BP10-T15,30
BP09-U01,2980
BP09-U02,2980
BP09-U03,3980
BP09-U04,4980
BP09-U05,1280
BP09-U06,5980
BP09-U07,1480
BP09-SL01,320
BP09-SL02,320
BP09-SL03,320
BP09-SL04,680
BP09-SL05,1980
BP09-SL06,500
BP09-SL07,680
BP09-SL08,1780
BP09-SL09,500
BP09-SL10,780
BP09-SL11,580
BP09-SL12,220
BP09-SL13,500
BP09-SL14,1280
BP09-SL15,780
BP09-SL16,680
BP09-SL17,420
BP09-SL18,320
BP09-SL19,320
BP09-SL20,320
BP09-SL21,580
BP09-001,220
BP09-002,220
BP09-003,180
BP09-018,320
BP09-019,780
BP09-020,320
BP09-035,320
BP09-036,500
BP09-037,220
BP09-052,500
BP09-053,220
BP09-054,180
BP09-069,220
BP09-070,680
BP09-071,220
BP09-086,220
BP09-087,220
BP09-088,120
BP09-103,180
BP09-104,120
BP09-105,180
BP09-004,80
BP09-005,320
BP09-006,50
BP09-007,50
BP09-021,50
BP09-022,120
BP09-023,50
BP09-024,80
BP09-038,80
BP09-039,120
BP09-040,50
BP09-041,50
BP09-055,50
BP09-056,120
BP09-057,50
BP09-058,50
BP09-072,50
BP09-073,220
BP09-074,50
BP09-075,50
BP09-089,50
BP09-090,180
BP09-091,50
BP09-092,50
BP09-106,220
BP09-107,420
BP09-108,50
BP09-109,50
BP09-008,50
BP09-009,50
BP09-010,50
BP09-011,50
BP09-025,50
BP09-026,50
BP09-027,50
BP09-028,50
BP09-042,50
BP09-043,50
BP09-044,50
BP09-045,50
BP09-059,50
BP09-060,50
BP09-061,50
BP09-062,50
BP09-076,50
BP09-077,50
BP09-078,50
BP09-079,50
BP09-093,50
BP09-094,50
BP09-095,50
BP09-096,50
BP09-110,50
BP09-111,50
BP09-112,50
BP09-113,50
BP09-012,30
BP09-013,30
BP09-014,30
BP09-015,30
BP09-016,50
BP09-017,30
BP09-029,30
BP09-030,30
BP09-031,30
BP09-032,30
BP09-033,30
BP09-034,30
BP09-046,30
BP09-047,30
BP09-048,50
BP09-049,80
BP09-050,30
BP09-051,30
BP09-063,30
BP09-064,30
BP09-065,30
BP09-066,30
BP09-067,30
BP09-068,30
BP09-080,30
BP09-081,30
BP09-082,50
BP09-083,50
BP09-084,30
BP09-085,30
BP09-097,30
BP09-098,30
BP09-099,30
BP09-100,30
BP09-101,30
BP09-102,30
BP09-114,30
BP09-115,30
BP09-116,30
BP09-117,30
BP09-P01,320
BP09-P02,320
BP09-P03,220
BP09-P06,180
BP09-P07,180
BP09-P08,320
BP09-P11,320
BP09-P12,320
BP09-P16,320
BP09-P17,320
BP09-P21,320
BP09-P22,320
BP09-P26,180
BP09-P27,220
BP09-P31,180
BP09-P32,180
BP09-P04,220
BP09-P09,320
BP09-P10,180
BP09-P13,220
BP09-P14,320
BP09-P18,220
BP09-P19,180
BP09-P20,220
BP09-P23,500
BP09-P28,180
BP09-P29,180
BP09-P30,320
BP09-P05,180
BP09-P15,500
BP09-P24,420
BP09-P25,320
BP09-LD01,1980
BP09-LD02,7980
BP09-LD03,3980
BP09-T01,30
BP09-T02,30
BP09-T03,30
BP09-T04,30
BP09-T05,30
BP09-T06,30
BP09-T07,30
BP09-T08,30
BP09-T09,30
BP09-T10,30
BP09-T11,30
BP09-T12,30
BP09-T13,30
BP09-T14,30
BP09-T15,30
BP08-U01,7980
BP08-U02,2980
BP08-U03,2980
BP08-U04,1480
BP08-U05,3980
BP08-U06,3480
BP08-U07,6980
BP08-SL01,420
BP08-SL02,320
BP08-SL03,1980
BP08-SL04,580
BP08-SL05,180
BP08-SL06,220
BP08-SL07,500
BP08-SL08,500
BP08-SL09,780
BP08-SL10,320
BP08-SL11,680
BP08-SL12,420
BP08-SL13,880
BP08-SL14,980
BP08-SL15,320
BP08-SL16,500
BP08-SL17,500
BP08-SL18,420
BP08-SL19,780
BP08-SL20,680
BP08-SL21,500
BP08-001,220
BP08-002,220
BP08-003,780
BP08-018,120
BP08-019,120
BP08-020,180
BP08-035,180
BP08-036,220
BP08-037,320
BP08-052,180
BP08-053,180
BP08-054,180
BP08-069,420
BP08-070,500
BP08-071,180
BP08-086,320
BP08-087,120
BP08-088,180
BP08-103,420
BP08-104,500
BP08-105,180
BP08-004,80
BP08-005,80
BP08-006,50
BP08-007,50
BP08-021,50
BP08-022,80
BP08-023,80
BP08-024,50
BP08-038,50
BP08-039,80
BP08-040,50
BP08-041,50
BP08-055,50
BP08-056,80
BP08-057,50
BP08-058,50
BP08-072,50
BP08-073,120
BP08-074,50
BP08-075,50
BP08-089,50
BP08-090,80
BP08-091,50
BP08-092,80
BP08-106,50
BP08-107,80
BP08-108,80
BP08-109,50
BP08-008,50
BP08-009,50
BP08-010,50
BP08-011,50
BP08-025,50
BP08-026,50
BP08-027,50
BP08-028,50
BP08-042,50
BP08-043,50
BP08-044,50
BP08-045,80
BP08-059,50
BP08-060,50
BP08-061,50
BP08-062,50
BP08-076,50
BP08-077,50
BP08-078,50
BP08-079,50
BP08-093,50
BP08-094,50
BP08-095,50
BP08-096,50
BP08-110,50
BP08-111,50
BP08-112,50
BP08-113,50
BP08-012,50
BP08-013,30
BP08-014,30
BP08-015,30
BP08-016,30
BP08-017,30
BP08-029,30
BP08-030,30
BP08-031,30
BP08-032,30
BP08-033,30
BP08-034,50
BP08-046,30
BP08-047,80
BP08-048,30
BP08-049,30
BP08-050,30
BP08-051,30
BP08-063,50
BP08-064,30
BP08-065,30
BP08-066,30
BP08-067,30
BP08-068,50
BP08-080,30
BP08-081,30
BP08-082,30
BP08-083,30
BP08-084,30
BP08-085,30
BP08-097,30
BP08-098,30
BP08-099,30
BP08-100,30
BP08-101,30
BP08-102,30
BP08-114,30
BP08-115,30
BP08-116,50
BP08-117,30
BP08-P01,320
BP08-P02,180
BP08-P05,320
BP08-P06,220
BP08-P07,180
BP08-P09,320
BP08-P13,120
BP08-P14,120
BP08-P17,220
BP08-P18,180
BP08-P19,320
BP08-P21,320
BP08-P22,320
BP08-P25,320
BP08-P26,220
BP08-P27,120
BP08-P03,500
BP08-P08,320
BP08-P10,120
BP08-P11,120
BP08-P15,120
BP08-P20,320
BP08-P23,120
BP08-P28,180
BP08-P04,220
BP08-P12,500
BP08-P16,420
BP08-P24,180
BP08-LD01,14800
BP08-LD02,1480
BP08-LD03,19800
BP08-T01,30
BP08-T02,30
BP08-T03,30
BP08-T04,30
BP08-T05,30
BP08-T06,30
BP08-T07,30
BP08-T08,30
BP08-T09,30
BP08-T10,30
BP08-T11,30
BP07-U01,7980
BP07-U02,1480
BP07-U03,5980
BP07-U04,2480
BP07-U05,7980
BP07-U06,2480
BP07-U07,4980
BP07-SL01,500
BP07-SL02,580
BP07-SL03,580
BP07-SL04,180
BP07-SL05,420
BP07-SL06,580
BP07-SL07,500
BP07-SL08,500
BP07-SL09,420
BP07-SL10,500
BP07-SL11,420
BP07-SL12,420
BP07-SL13,780
BP07-SL14,780
BP07-SL15,680
BP07-SL16,680
BP07-SL17,780
BP07-SL18,420
BP07-SL19,680
BP07-SL20,980
BP07-SL21,780
BP07-001,320
BP07-002,320
BP07-003,220
BP07-018,220
BP07-019,220
BP07-020,180
BP07-035,220
BP07-036,500
BP07-037,180
BP07-052,220
BP07-053,180
BP07-054,220
BP07-069,320
BP07-070,680
BP07-071,220
BP07-086,220
BP07-087,500
BP07-088,220
BP07-103,320
BP07-104,500
BP07-105,580
BP07-004,50
BP07-005,50
BP07-006,120
BP07-007,50
BP07-021,50
BP07-022,220
BP07-023,500
BP07-024,50
BP07-038,80
BP07-039,50
BP07-040,120
BP07-041,50
BP07-055,180
BP07-056,50
BP07-057,80
BP07-058,50
BP07-072,120
BP07-073,80
BP07-074,220
BP07-075,120
BP07-089,50
BP07-090,50
BP07-091,80
BP07-092,50
BP07-106,50
BP07-107,120
BP07-108,120
BP07-109,120
BP07-008,50
BP07-009,80
BP07-010,50
BP07-011,50
BP07-025,50
BP07-026,50
BP07-027,50
BP07-028,50
BP07-042,50
BP07-043,50
BP07-044,50
BP07-045,50
BP07-059,50
BP07-060,50
BP07-061,50
BP07-062,50
BP07-076,80
BP07-077,220
BP07-078,50
BP07-079,50
BP07-093,50
BP07-094,50
BP07-095,80
BP07-096,50
BP07-110,50
BP07-111,120
BP07-112,120
BP07-113,50
BP07-012,80
BP07-013,30
BP07-014,30
BP07-015,30
BP07-016,30
BP07-017,30
BP07-029,30
BP07-030,30
BP07-031,30
BP07-032,30
BP07-033,30
BP07-034,30
BP07-046,30
BP07-047,50
BP07-048,30
BP07-049,30
BP07-050,30
BP07-051,30
BP07-063,30
BP07-064,30
BP07-065,30
BP07-066,30
BP07-067,30
BP07-068,30
BP07-080,30
BP07-081,30
BP07-082,30
BP07-083,30
BP07-084,30
BP07-085,30
BP07-097,30
BP07-098,30
BP07-099,30
BP07-100,30
BP07-101,50
BP07-102,30
BP07-114,30
BP07-115,30
BP07-116,120
BP07-117,30
BP07-P01,220
BP07-P06,500
BP07-P11,320
BP07-P16,320
BP07-P21,500
BP07-P26,220
BP07-P02,220
BP07-P03,180
BP07-P04,180
BP07-P07,180
BP07-P08,120
BP07-P09,500
BP07-P12,180
BP07-P13,180
BP07-P14,180
BP07-P17,180
BP07-P18,180
BP07-P22,500
BP07-P23,500
BP07-P24,420
BP07-P27,320
BP07-P28,320
BP07-P31,420
BP07-P32,420
BP07-P33,220
BP07-P05,180
BP07-P10,320
BP07-P15,180
BP07-P19,220
BP07-P20,220
BP07-P25,320
BP07-P29,220
BP07-P30,220
BP07-LD01,1980
BP07-LD02,14800
BP07-LD03,3980
BP07-T01,30
BP07-T02,30
BP07-T03,50
BP07-T04,30
BP07-T05,30
BP07-T06,30
BP07-T07,30
BP06-SP01,9980
BP06-SP02,9980
BP06-U01,1980
BP06-U02,5980
BP06-U03,4980
BP06-U04,7980
BP06-U05,3980
BP06-U06,1980
BP06-U07,3480
BP06-SL01,320
BP06-SL02,220
BP06-SL03,980
BP06-SL04,420
BP06-SL05,980
BP06-SL06,680
BP06-SL07,980
BP06-SL08,980
BP06-SL09,680
BP06-SL10,500
BP06-SL11,320
BP06-SL12,980
BP06-SL13,780
BP06-SL14,500
BP06-SL15,500
BP06-SL16,420
BP06-SL17,320
BP06-SL18,320
BP06-SL19,320
BP06-SL20,320
BP06-SL21,220
BP06-001,180
BP06-002,180
BP06-003,320
BP06-018,220
BP06-019,320
BP06-020,220
BP06-035,320
BP06-036,320
BP06-037,180
BP06-038,180
BP06-054,180
BP06-055,120
BP06-056,220
BP06-057,180
BP06-073,180
BP06-074,220
BP06-075,120
BP06-090,220
BP06-091,180
BP06-092,120
BP06-107,120
BP06-108,120
BP06-109,220
BP06-004,50
BP06-005,50
BP06-006,50
BP06-007,80
BP06-021,80
BP06-022,50
BP06-023,50
BP06-024,80
BP06-039,120
BP06-040,680
BP06-041,50
BP06-042,80
BP06-043,80
BP06-058,50
BP06-059,50
BP06-060,80
BP06-061,80
BP06-062,80
BP06-076,50
BP06-077,80
BP06-078,50
BP06-079,80
BP06-093,50
BP06-094,80
BP06-095,180
BP06-096,50
BP06-110,50
BP06-111,50
BP06-112,120
BP06-113,50
BP06-008,50
BP06-009,50
BP06-010,50
BP06-011,50
BP06-025,50
BP06-026,80
BP06-027,50
BP06-028,50
BP06-044,80
BP06-045,120
BP06-046,50
BP06-047,50
BP06-063,50
BP06-064,50
BP06-065,50
BP06-066,50
BP06-080,50
BP06-081,50
BP06-082,50
BP06-083,50
BP06-097,50
BP06-098,50
BP06-099,50
BP06-100,50
BP06-114,50
BP06-115,50
BP06-116,50
BP06-117,50
BP06-012,30
BP06-013,30
BP06-014,30
BP06-015,30
BP06-016,30
BP06-017,30
BP06-029,30
BP06-030,30
BP06-031,30
BP06-032,30
BP06-033,30
BP06-034,30
BP06-048,30
BP06-049,30
BP06-050,30
BP06-051,50
BP06-052,30
BP06-053,50
BP06-067,30
BP06-068,30
BP06-069,30
BP06-070,30
BP06-071,30
BP06-072,30
BP06-084,30
BP06-085,50
BP06-086,30
BP06-087,30
BP06-088,30
BP06-089,30
BP06-101,30
BP06-102,30
BP06-103,30
BP06-104,30
BP06-105,30
BP06-106,30
BP06-118,30
BP06-119,30
BP06-120,30
BP06-121,30
BP06-P01,180
BP06-P02,180
BP06-P06,180
BP06-P07,180
BP06-P16,180
BP06-P21,220
BP06-P22,320
BP06-P23,180
BP06-P26,220
BP06-P31,120
BP06-P03,220
BP06-P08,180
BP06-P09,180
BP06-P11,180
BP06-P12,320
BP06-P13,420
BP06-P14,180
BP06-P17,180
BP06-P18,120
BP06-P19,120
BP06-P27,180
BP06-P28,180
BP06-P32,180
BP06-P04,320
BP06-P05,180
BP06-P10,180
BP06-P15,120
BP06-P20,120
BP06-P24,180
BP06-P25,220
BP06-P29,180
BP06-P30,180
-,180
-,80
BP06-LD(S)01,34800
BP06-LD(S)02,34800
BP06-LD01,3980
BP06-LD02,3480
BP06-T01,30
BP06-T02,80
BP06-T03,80
BP06-T04,30
BP06-T05,30
BP06-T06,30
BP06-T07,30
BP06-T08,30
BP06-T09,30
BP06-T10,30
BP06-T11,30
BP05-U01,1480
BP05-U02,4980
BP05-U03,9980
BP05-U04,4980
BP05-U05,3980
BP05-U06,1980
BP05-U07,3480
BP05-SL01,500
BP05-SL02,180
BP05-SL03,320
BP05-SL04,780
BP05-SL05,500
BP05-SL06,180
BP05-SL07,500
BP05-SL08,500
BP05-SL09,780
BP05-SL10,980
BP05-SL11,680
BP05-SL12,580
BP05-SL13,680
BP05-SL14,980
BP05-SL15,780
BP05-SL16,680
BP05-SL17,320
BP05-SL18,680
BP05-SL19,680
BP05-SL20,500
BP05-SL21,580
BP05-001,220
BP05-002,180
BP05-003,120
BP05-018,320
BP05-019,320
BP05-020,120
BP05-035,220
BP05-036,180
BP05-037,180
BP05-052,220
BP05-053,220
BP05-054,180
BP05-069,320
BP05-070,320
BP05-071,220
BP05-086,180
BP05-087,180
BP05-088,180
BP05-103,500
BP05-104,220
BP05-105,220
BP05-004,80
BP05-005,120
BP05-006,50
BP05-007,50
BP05-021,80
BP05-022,120
BP05-023,50
BP05-024,50
BP05-038,50
BP05-039,80
BP05-040,80
BP05-041,80
BP05-055,120
BP05-056,120
BP05-057,50
BP05-058,80
BP05-072,80
BP05-073,80
BP05-074,80
BP05-075,80
BP05-089,80
BP05-090,80
BP05-091,50
BP05-092,50
BP05-106,80
BP05-107,80
BP05-108,50
BP05-109,120
BP05-008,50
BP05-009,50
BP05-010,120
BP05-011,50
BP05-025,50
BP05-026,50
BP05-027,50
BP05-028,50
BP05-042,50
BP05-043,50
BP05-044,80
BP05-045,50
BP05-059,50
BP05-060,50
BP05-061,50
BP05-062,50
BP05-076,50
BP05-077,50
BP05-078,30
BP05-079,50
BP05-093,50
BP05-094,50
BP05-095,50
BP05-096,50
BP05-110,50
BP05-111,80
BP05-112,50
BP05-113,50
BP05-012,30
BP05-013,30
BP05-014,80
BP05-015,120
BP05-016,30
BP05-017,30
BP05-029,50
BP05-030,30
BP05-031,30
BP05-032,30
BP05-033,80
BP05-034,50
BP05-046,30
BP05-047,30
BP05-048,30
BP05-049,30
BP05-050,30
BP05-051,30
BP05-063,30
BP05-064,30
BP05-065,30
BP05-066,30
BP05-067,30
BP05-068,30
BP05-080,30
BP05-081,50
BP05-082,30
BP05-083,50
BP05-084,30
BP05-085,50
BP05-097,30
BP05-098,30
BP05-099,50
BP05-100,50
BP05-101,30
BP05-102,30
BP05-114,30
BP05-115,30
BP05-116,30
BP05-117,30
BP05-P01,280
BP05-P02,280
BP05-P09,120
BP05-P10,180
BP05-P15,220
BP05-P16,280
BP05-P17,320
BP05-P25,500
BP05-P26,680
BP05-P27,500
BP05-P31,120
BP05-P32,320
BP05-P33,320
BP05-P34,320
BP05-P42,180
BP05-P43,220
BP05-P48,180
BP05-P49,180
BP05-P03,180
BP05-P04,220
BP05-P05,180
BP05-P06,120
BP05-P11,500
BP05-P18,320
BP05-P19,500
BP05-P28,320
BP05-P35,420
BP05-P36,220
BP05-P44,180
BP05-P50,220
BP05-P51,120
BP05-P52,180
BP05-P53,180
BP05-P07,280
BP05-P08,320
BP05-P12,320
BP05-P13,500
BP05-P14,500
BP05-P20,280
BP05-P21,120
BP05-P22,220
BP05-P23,320
BP05-P24,280
BP05-P29,500
BP05-P30,500
BP05-P37,180
BP05-P38,180
BP05-P39,320
BP05-P40,220
BP05-P41,420
BP05-P45,280
BP05-P46,420
BP05-P47,180
BP05-P54,120
BP05-LD01,4980
BP05-LD02,4980
BP05-LD03,12800
BP05-LD04,1980
BP05-LD05,7980
BP05-LD06,3980
BP05-T01,50
BP05-T02,50
BP05-T03,30
BP05-T04,50
BP05-T05,50
BP05-T06,30
BP05-T07,30
BP05-UT01,19800
BP04-SP01,2980
BP04-U01,4980
BP04-U02,1280
BP04-U03,2980
BP04-U04,3480
BP04-U05,1980
BP04-U06,3980
BP04-U07,4980
BP04-SL01,500
BP04-SL02,420
BP04-SL03,220
BP04-SL04,320
BP04-SL05,320
BP04-SL06,220
BP04-SL07,780
BP04-SL08,420
BP04-SL09,320
BP04-SL10,680
BP04-SL11,220
BP04-SL12,320
BP04-SL13,220
BP04-SL14,320
BP04-SL15,220
BP04-SL16,320
BP04-SL17,220
BP04-SL18,500
BP04-SL19,420
BP04-SL20,500
BP04-SL21,320
BP04-SL22,500
BP04-SL23,580
BP04-001,180
BP04-002,180
BP04-003,120
BP04-004,180
BP04-020,180
BP04-021,180
BP04-022,120
BP04-038,180
BP04-039,180
BP04-040,220
BP04-057,120
BP04-058,180
BP04-059,120
BP04-060,220
BP04-061,220
BP04-062,220
BP04-079,220
BP04-080,180
BP04-081,180
BP04-098,120
BP04-099,180
BP04-100,180
BP04-116,180
BP04-117,120
BP04-118,220
BP04-005,80
BP04-006,80
BP04-007,120
BP04-008,80
BP04-009,80
BP04-023,50
BP04-024,120
BP04-025,80
BP04-026,50
BP04-027,80
BP04-041,80
BP04-042,50
BP04-043,80
BP04-044,120
BP04-045,80
BP04-063,80
BP04-064,120
BP04-065,120
BP04-066,50
BP04-067,50
BP04-082,80
BP04-083,80
BP04-084,50
BP04-085,80
BP04-086,50
BP04-101,50
BP04-102,120
BP04-103,120
BP04-104,80
BP04-105,50
BP04-119,80
BP04-120,80
BP04-121,50
BP04-122,80
BP04-010,220
BP04-011,120
BP04-012,50
BP04-013,50
BP04-028,50
BP04-029,50
BP04-030,50
BP04-031,50
BP04-046,50
BP04-047,50
BP04-048,50
BP04-049,50
BP04-050,50
BP04-068,50
BP04-069,50
BP04-070,50
BP04-071,50
BP04-072,50
BP04-087,50
BP04-088,50
BP04-089,50
BP04-090,50
BP04-091,50
BP04-106,50
BP04-107,50
BP04-108,50
BP04-109,50
BP04-123,50
BP04-124,80
BP04-125,50
BP04-126,50
BP04-014,30
BP04-015,30
BP04-016,30
BP04-017,30
BP04-018,30
BP04-019,30
BP04-032,30
BP04-033,30
BP04-034,30
BP04-035,30
BP04-036,30
BP04-037,120
BP04-051,30
BP04-052,30
BP04-053,30
BP04-054,30
BP04-055,50
BP04-056,50
BP04-073,30
BP04-074,30
BP04-075,30
BP04-076,30
BP04-077,30
BP04-078,30
BP04-092,30
BP04-093,30
BP04-094,30
BP04-095,30
BP04-096,30
BP04-097,30
BP04-110,30
BP04-111,30
BP04-112,30
BP04-113,30
BP04-114,30
BP04-115,80
BP04-127,30
BP04-128,30
BP04-129,30
BP04-130,30
BP04-P01,180
BP04-P06,180
BP04-P11,80
BP04-P16,180
BP04-P17,180
BP04-P18,180
BP04-P21,180
BP04-P22,180
BP04-P23,180
BP04-P26,180
BP04-P27,180
BP04-P31,180
BP04-P32,180
BP04-P33,180
BP04-P02,780
BP04-P03,500
BP04-P07,120
BP04-P08,120
BP04-P09,120
BP04-P12,80
BP04-P13,80
BP04-P14,120
BP04-P19,120
BP04-P24,120
BP04-P28,120
BP04-P34,80
BP04-P04,120
BP04-P05,180
BP04-P10,120
BP04-P15,120
BP04-P20,120
BP04-P25,120
BP04-P29,120
BP04-P30,120
BP04-P35,120
BP04-LD(S)01,12800
BP04-LD01,14800
BP04-LD02,1980
BP04-LD03,3480
BP04-LD04,1780
BP04-LD05,5980
BP04-LD06,1480
BP04-LD07,4980
BP04-LD08,2980
BP04-LD09,1980
BP04-LD10,3980
BP04-T01,50
BP04-T02,50
BP04-T03,30
BP04-T04,30
BP04-T05,50
BP03-SP01,2480
BP03-U01,980
BP03-U02,980
BP03-U03,1280
BP03-U04,1480
BP03-U05,1480
BP03-U06,1480
BP03-U07,3480
BP03-SL01,320
BP03-SL02,320
BP03-SL03,320
BP03-SL04,220
BP03-SL05,320
BP03-SL06,180
BP03-SL07,220
BP03-SL08,220
BP03-SL09,220
BP03-SL10,320
BP03-SL11,680
BP03-SL12,680
BP03-SL13,220
BP03-SL14,180
BP03-SL15,580
BP03-SL16,680
BP03-SL17,220
BP03-SL18,500
BP03-SL19,500
BP03-SL20,980
BP03-SL21,500
BP03-SL22,320
BP03-001,120
BP03-002,180
BP03-003,120
BP03-018,120
BP03-019,120
BP03-020,220
BP03-021,180
BP03-038,120
BP03-039,120
BP03-040,120
BP03-055,180
BP03-056,220
BP03-057,180
BP03-058,120
BP03-073,120
BP03-074,220
BP03-075,180
BP03-090,120
BP03-091,180
BP03-092,120
BP03-107,120
BP03-108,180
BP03-109,120
BP03-004,80
BP03-005,50
BP03-006,50
BP03-007,50
BP03-022,50
BP03-023,80
BP03-024,120
BP03-025,50
BP03-026,80
BP03-041,80
BP03-042,80
BP03-043,50
BP03-044,80
BP03-059,50
BP03-060,80
BP03-061,120
BP03-062,50
BP03-076,80
BP03-077,80
BP03-078,50
BP03-079,80
BP03-093,80
BP03-094,80
BP03-095,80
BP03-096,50
BP03-110,50
BP03-111,80
BP03-112,50
BP03-113,80
BP03-008,50
BP03-009,50
BP03-010,50
BP03-011,50
BP03-027,50
BP03-028,50
BP03-029,80
BP03-030,50
BP03-031,50
BP03-045,80
BP03-046,50
BP03-047,50
BP03-048,50
BP03-063,50
BP03-064,50
BP03-065,50
BP03-066,50
BP03-080,50
BP03-081,50
BP03-082,50
BP03-083,50
BP03-097,50
BP03-098,50
BP03-099,50
BP03-100,50
BP03-114,50
BP03-115,120
BP03-116,120
BP03-117,50
BP03-012,30
BP03-013,30
BP03-014,30
BP03-015,30
BP03-016,30
BP03-017,30
BP03-032,30
BP03-033,30
BP03-034,30
BP03-035,30
BP03-036,80
BP03-037,80
BP03-049,30
BP03-050,30
BP03-051,30
BP03-052,30
BP03-053,30
BP03-054,30
BP03-067,30
BP03-068,30
BP03-069,30
BP03-070,30
BP03-071,30
BP03-072,30
BP03-084,30
BP03-085,30
BP03-086,30
BP03-087,30
BP03-088,30
BP03-089,30
BP03-101,50
BP03-102,30
BP03-103,30
BP03-104,30
BP03-105,30
BP03-106,30
BP03-118,30
BP03-119,30
BP03-120,30
BP03-121,50
BP03-P01,180
BP03-P06,180
BP03-P11,180
BP03-P16,220
BP03-P21,120
BP03-P26,80
BP03-P31,120
BP03-P02,180
BP03-P03,180
BP03-P04,180
BP03-P07,180
BP03-P08,180
BP03-P09,180
BP03-P12,180
BP03-P13,180
BP03-P14,180
BP03-P17,220
BP03-P18,180
BP03-P19,220
BP03-P22,180
BP03-P23,180
BP03-P24,180
BP03-P27,180
BP03-P28,180
BP03-P29,180
BP03-P32,180
BP03-P05,180
BP03-P10,180
BP03-P15,320
BP03-P20,180
BP03-P25,80
BP03-P30,180
BP03-P33,180
BP03-P34,180
BP03-P35,180
-,80
-,50
BP03-LD(S)01,14800
BP03-LD01,580
BP03-LD02,9980
BP03-LD03,680
BP03-LD04,500
BP03-LD05,3980
BP03-T01,30
BP03-T02,30
BP03-T03,30
BP03-T04,30
BP03-T05,30
BP03-T06,30
BP03-T07,30
BP02-SP01,5980
BP02-U01,980
BP02-U02,1480
BP02-U03,1280
BP02-U04,980
BP02-U05,2980
BP02-U06,1480
BP02-U07,1480
BP02-SL01,220
BP02-SL02,180
BP02-SL03,420
BP02-SL04,420
BP02-SL05,420
BP02-SL06,320
BP02-SL07,320
BP02-SL08,500
BP02-SL09,180
BP02-SL10,320
BP02-SL11,220
BP02-SL12,320
BP02-SL13,420
BP02-SL14,180
BP02-SL15,220
BP02-SL16,320
BP02-SL17,420
BP02-SL18,500
BP02-SL19,680
BP02-SL20,320
BP02-SL21,220
BP02-001,180
BP02-002,120
BP02-003,120
BP02-018,180
BP02-019,180
BP02-020,220
BP02-035,120
BP02-036,220
BP02-037,180
BP02-052,120
BP02-053,120
BP02-054,120
BP02-069,220
BP02-070,220
BP02-071,120
BP02-072,120
BP02-089,120
BP02-090,220
BP02-091,120
BP02-106,120
BP02-107,220
BP02-108,220
BP02-004,50
BP02-005,50
BP02-006,50
BP02-007,80
BP02-021,50
BP02-022,80
BP02-023,180
BP02-024,50
BP02-038,50
BP02-039,80
BP02-040,50
BP02-041,50
BP02-055,50
BP02-056,80
BP02-057,50
BP02-058,50
BP02-073,50
BP02-074,80
BP02-075,50
BP02-076,30
BP02-077,50
BP02-092,50
BP02-093,80
BP02-094,50
BP02-095,50
BP02-109,50
BP02-110,50
BP02-111,80
BP02-112,80
BP02-008,120
BP02-009,80
BP02-010,50
BP02-011,50
BP02-025,50
BP02-026,80
BP02-027,50
BP02-028,80
BP02-042,50
BP02-043,80
BP02-044,50
BP02-045,50
BP02-059,50
BP02-060,80
BP02-061,50
BP02-062,120
BP02-078,80
BP02-079,50
BP02-080,50
BP02-081,50
BP02-082,80
BP02-096,50
BP02-097,50
BP02-098,50
BP02-099,50
BP02-113,50
BP02-114,50
BP02-115,50
BP02-116,50
BP02-012,30
BP02-013,30
BP02-014,30
BP02-015,30
BP02-016,30
BP02-017,30
BP02-029,30
BP02-030,30
BP02-031,50
BP02-032,80
BP02-033,30
BP02-034,80
BP02-046,30
BP02-047,50
BP02-048,30
BP02-049,30
BP02-050,30
BP02-051,80
BP02-063,30
BP02-064,30
BP02-065,30
BP02-066,80
BP02-067,30
BP02-068,30
BP02-083,30
BP02-084,30
BP02-085,50
BP02-086,50
BP02-087,50
BP02-088,30
BP02-100,30
BP02-101,30
BP02-102,30
BP02-103,30
BP02-104,30
BP02-105,30
BP02-117,30
BP02-118,30
BP02-119,30
BP02-120,50
BP02-P01,180
BP02-P06,180
BP02-P11,500
BP02-P16,180
BP02-P21,120
BP02-P26,220
BP02-P31,180
BP02-P02,120
BP02-P03,120
BP02-P04,120
BP02-P07,120
BP02-P08,120
BP02-P09,220
BP02-P12,120
BP02-P13,180
BP02-P14,180
BP02-P17,180
BP02-P18,120
BP02-P19,500
BP02-P22,180
BP02-P23,120
BP02-P24,120
BP02-P27,180
BP02-P28,180
BP02-P29,120
BP02-P32,120
BP02-P33,120
BP02-P34,120
BP02-P05,180
BP02-P10,180
BP02-P15,220
BP02-P20,180
BP02-P25,120
BP02-P30,120
BP02-P35,120
-,120
-,80
BP02-LD01,3980
BP02-LD02,1980
BP02-LD03,2980
BP02-T01,80
BP02-T02,50
BP02-T03,50
BP02-T04,50
BP02-T05,80
BP02-T06,80
BP02-T07,50
BP02-T08,50
BP02-T09,50
BP02-T10,30
BP02-T11,30
BP02-T12,30
BP02-T13,80
BP02-T14,80
BP02-T15,30
BP02-T16,80
BP02-T17,50
BP02-T18,50
BP02-T19,30
BP02-T20,30
BP01-U01,1980
BP01-U02,1980
BP01-U03,780
BP01-U04,5980
BP01-U05,1480
BP01-U06,3980
BP01-U07,980
BP01-SL01,180
BP01-SL02,220
BP01-SL03,220
BP01-SL04,420
BP01-SL05,420
BP01-SL06,680
BP01-SL07,220
BP01-SL08,500
BP01-SL09,320
BP01-SL10,780
BP01-SL11,780
BP01-SL12,680
BP01-SL13,320
BP01-SL14,320
BP01-SL15,500
BP01-SL16,420
BP01-SL17,980
BP01-SL18,500
BP01-SL19,220
BP01-SL20,580
BP01-SL21,220
BP01-SL22,500
BP01-001,180
BP01-002,180
BP01-003,180
BP01-026,120
BP01-027,120
BP01-028,180
BP01-051,180
BP01-052,220
BP01-053,120
BP01-076,220
BP01-077,220
BP01-078,180
BP01-101,120
BP01-102,120
BP01-103,180
BP01-126,180
BP01-127,180
BP01-128,180
BP01-151,120
BP01-152,180
BP01-153,120
BP01-154,180
BP01-004,80
BP01-005,120
BP01-006,50
BP01-007,80
BP01-008,80
BP01-029,80
BP01-030,80
BP01-031,80
BP01-032,50
BP01-033,50
BP01-054,80
BP01-055,220
BP01-056,50
BP01-057,120
BP01-058,80
BP01-079,120
BP01-080,120
BP01-081,120
BP01-082,120
BP01-083,80
BP01-104,80
BP01-105,50
BP01-106,80
BP01-107,80
BP01-108,80
BP01-129,80
BP01-130,120
BP01-131,120
BP01-132,50
BP01-133,120
BP01-155,80
BP01-156,180
BP01-157,50
BP01-158,50
BP01-159,120
BP01-160,220
BP01-161,80
BP01-162,80
BP01-009,120
BP01-010,120
BP01-011,120
BP01-012,120
BP01-013,120
BP01-014,120
BP01-015,120
BP01-016,120
BP01-034,120
BP01-035,120
BP01-036,180
BP01-037,120
BP01-038,120
BP01-039,120
BP01-040,50
BP01-041,80
BP01-059,120
BP01-060,120
BP01-061,180
BP01-062,50
BP01-063,120
BP01-064,120
BP01-065,180
BP01-066,50
BP01-084,80
BP01-085,80
BP01-086,80
BP01-087,180
BP01-088,50
BP01-089,120
BP01-090,180
BP01-091,80
BP01-109,120
BP01-110,180
BP01-111,120
BP01-112,80
BP01-113,50
BP01-114,120
BP01-115,220
BP01-116,120
BP01-134,120
BP01-135,120
BP01-136,120
BP01-137,80
BP01-138,80
BP01-139,80
BP01-140,120
BP01-141,120
BP01-163,50
BP01-164,80
BP01-165,80
BP01-166,80
BP01-167,120
BP01-168,50
BP01-169,120
BP01-170,220
BP01-017,30
BP01-018,80
BP01-019,80
BP01-020,50
BP01-021,30
BP01-022,30
BP01-023,30
BP01-024,30
BP01-025,30
BP01-042,30
BP01-043,50
BP01-044,80
BP01-045,120
BP01-046,30
BP01-047,30
BP01-048,80
BP01-049,30
BP01-050,30
BP01-067,30
BP01-068,80
BP01-069,80
BP01-070,30
BP01-071,30
BP01-072,120
BP01-073,30
BP01-074,50
BP01-075,50
BP01-092,30
BP01-093,30
BP01-094,30
BP01-095,30
BP01-096,30
BP01-097,30
BP01-098,30
BP01-099,30
BP01-100,30
BP01-117,50
BP01-118,80
BP01-119,30
BP01-120,30
BP01-121,50
BP01-122,80
BP01-123,30
BP01-124,30
BP01-125,120
BP01-142,30
BP01-143,30
BP01-144,30
BP01-145,30
BP01-146,30
BP01-147,80
BP01-148,30
BP01-149,80
BP01-150,30
BP01-171,30
BP01-172,30
BP01-173,30
BP01-174,30
BP01-175,30
BP01-176,30
BP01-177,30
BP01-178,30
BP01-179,80
BP01-180,30
BP01-P01,180
BP01-P06,180
BP01-P11,180
BP01-P16,320
BP01-P21,220
BP01-P26,500
BP01-P31,120
BP01-P32,500
BP01-P33,220
BP01-P02,180
BP01-P07,420
BP01-P08,180
BP01-P09,120
BP01-P12,120
BP01-P13,120
BP01-P14,180
BP01-P17,320
BP01-P18,180
BP01-P19,120
BP01-P22,120
BP01-P23,180
BP01-P24,180
BP01-P27,180
BP01-P28,120
BP01-P29,220
BP01-P34,220
BP01-P35,220
BP01-P03,180
BP01-P04,180
BP01-P05,180
BP01-P10,180
BP01-P15,220
BP01-P20,180
BP01-P25,120
BP01-P30,120
BP01-LD01,3980
BP01-LD02,4980
BP01-LD03,2480
BP01-LD04,4980
BP01-LD05,2480
BP01-LD06,1980
BP01-LD07,1980
BP01-LD08,3480
BP01-LD09,9980
BP01-LD10,1980
BP01-LD11,1980
BP01-LD12,3480
BP01-T01,80
BP01-T02,30
BP01-T03,30
BP01-T04,80
BP01-T05,30
BP01-T06,50
BP01-T07,30
BP01-T08,50
BP01-T09,50
BP01-T10,30
BP01-T11,50
BP01-T12,80
BP01-T13,80
BP01-T14,50
BP01-T15,50
BP01-T16,30
BP01-T17,30
CP04-SP01,29800
CP04-SP02,24800
CP04-SP03,29800
CP04-SP04,14800
CP04-SP05,24800
CP04-SP06a,19800
CP04-SP06b,19800
CP04-SP06c,19800
CP04-SP07,29800
CP04-SP08,9980
CP04-SP09,12800
CP04-SP10a,12800
CP04-SP10b,12800
CP04-SP11,19800
CP04-SP12a,7980
CP04-SP12b,7980
CP04-SP12c,7980
CP04-SP13,14800
CP04-U01,3980
CP04-U02,7980
CP04-U03,3980
CP04-U04,2480
CP04-U05,4980
CP04-U06,5980
CP04-U07,4980
CP04-U08,2480
CP04-U09,2480
CP04-U10,3480
CP04-U11,1980
CP04-U12,1980
CP04-U13,1980
CP04-SL01,1980
CP04-SL02,500
CP04-SL03,2480
CP04-SL04,320
CP04-SL05,780
CP04-SL06,500
CP04-SL07,500
CP04-SL08,420
CP04-SL09,680
CP04-SL10,500
CP04-SL11,1280
CP04-SL12,320
CP04-SL13,1480
CP04-SL14,1780
CP04-SL15,500
CP04-SL16,680
CP04-SL17,420
CP04-SL18,320
CP04-SL19,420
CP04-SL20,320
CP04-SL21,420
CP04-SL22,220
CP04-SL23,320
CP04-SL24,320
CP04-SL25,220
CP04-SL26,320
CP04-SL27,320
CP04-SL28,420
CP04-001,1280
CP04-002,320
CP04-003,1980
CP04-004,220
CP04-019,500
CP04-020,220
CP04-021,320
CP04-022,120
CP04-037,320
CP04-038,220
CP04-039,980
CP04-040,220
CP04-055,980
CP04-056,980
CP04-057,220
CP04-058,320
CP04-073,220
CP04-074,120
CP04-075,220
CP04-076,120
CP04-091,220
CP04-092,120
CP04-093,120
CP04-094,120
CP04-109,120
CP04-110,120
CP04-111,120
CP04-112,220
CP04-005,80
CP04-006,80
CP04-007,80
CP04-008,80
CP04-023,80
CP04-024,80
CP04-025,80
CP04-026,80
CP04-041,80
CP04-042,80
CP04-043,80
CP04-044,80
CP04-059,80
CP04-060,80
CP04-061,80
CP04-062,220
CP04-077,80
CP04-078,80
CP04-079,80
CP04-080,80
CP04-095,80
CP04-096,80
CP04-097,80
CP04-098,80
CP04-113,80
CP04-114,80
CP04-115,80
CP04-009,50
CP04-010,50
CP04-011,50
CP04-012,50
CP04-027,50
CP04-028,50
CP04-029,50
CP04-030,50
CP04-045,50
CP04-046,50
CP04-047,50
CP04-048,50
CP04-063,50
CP04-064,50
CP04-065,50
CP04-066,50
CP04-081,50
CP04-082,50
CP04-083,50
CP04-084,50
CP04-099,50
CP04-100,50
CP04-101,50
CP04-102,50
CP04-116,50
CP04-117,50
CP04-118,50
CP04-013,30
CP04-014,30
CP04-015,30
CP04-016,30
CP04-017,30
CP04-018,30
CP04-031,30
CP04-032,30
CP04-033,30
CP04-034,30
CP04-035,30
CP04-036,30
CP04-049,30
CP04-050,30
CP04-051,30
CP04-052,30
CP04-053,30
CP04-054,30
CP04-067,30
CP04-068,30
CP04-069,30
CP04-070,30
CP04-071,30
CP04-072,30
CP04-085,30
CP04-086,30
CP04-087,30
CP04-088,30
CP04-089,30
CP04-090,30
CP04-103,30
CP04-104,30
CP04-105,30
CP04-106,30
CP04-107,30
CP04-108,30
CP04-119,30
CP04-P01,180
CP04-P02,180
CP04-P03,180
CP04-P04,180
CP04-P15,180
CP04-P16,180
CP04-P17,180
CP04-P18,180
CP04-P29,180
CP04-P30,180
CP04-P31,180
CP04-P32,1480
CP04-P43,320
CP04-P44,320
CP04-P45,180
CP04-P46,3480
CP04-P57,320
CP04-P58,320
CP04-P59,320
CP04-P60,180
CP04-P71,180
CP04-P72,180
CP04-P73,180
CP04-P74,180
CP04-P85,320
CP04-P86,320
CP04-P87,980
CP04-P05,180
CP04-P06,180
CP04-P07,180
CP04-P08,180
CP04-P19,220
CP04-P20,220
CP04-P21,180
CP04-P22,180
CP04-P33,220
CP04-P34,220
CP04-P35,1480
CP04-P36,980
CP04-P47,220
CP04-P48,180
CP04-P49,320
CP04-P50,320
CP04-P61,420
CP04-P62,420
CP04-P63,420
CP04-P64,320
CP04-P75,180
CP04-P76,180
CP04-P77,180
CP04-P78,500
CP04-P88,220
CP04-P89,220
CP04-P90,1980
CP04-P09,180
CP04-P10,180
CP04-P11,180
CP04-P12,180
CP04-P13,180
CP04-P14,320
CP04-P23,180
CP04-P24,180
CP04-P25,180
CP04-P26,180
CP04-P27,180
CP04-P28,180
CP04-P37,180
CP04-P38,180
CP04-P39,180
CP04-P40,180
CP04-P41,1480
CP04-P42,320
CP04-P51,180
CP04-P52,180
CP04-P53,180
CP04-P54,180
CP04-P55,320
CP04-P56,180
CP04-P65,180
CP04-P66,180
CP04-P67,180
CP04-P68,180
CP04-P69,180
CP04-P70,320
CP04-P79,180
CP04-P80,180
CP04-P81,180
CP04-P82,180
CP04-P83,180
CP04-P84,180
CP04-P91,180
CP04-PR27,120
CP04-PR28,120
CP04-PR29,120
CP04-PR30,120
CP04-PR31,120
CP04-PR32,120
CP04-PR33,120
CP04-PR34,120
CP04-PR35,120
CP04-PR36,120
CP04-PR37,120
CP04-PR38,120
CP04-PR01,12800
CP04-PR02,12800
CP04-PR03,14800
CP04-PR04,12800
CP04-PR05,7980
CP04-PR06,12800
CP04-PR07,12800
CP04-PR08,80
CP04-PR09,80
CP04-PR10,80
CP04-PR11,80
CP04-PR12,80
CP04-PR13,80
CP04-PR14,80
CP04-PR15,50
CP04-PR16,30
CP04-PR17,30
CP04-PR18,30
CP04-PR19,30
CP04-PR20,30
CP04-PR21,30
CP04-PR22,30
CP04-PR23,30
CP04-PR24,30
CP04-PR25,30
CP04-PR26,30
CP04-T01,30
CP04-T02,30
CP04-T03,30
CP04-T04,30
CP04-T05,30
CP04-T06,30
CP04-T07,30
CP04-T08,30
CP04-T09,30
CP04-T10,30
CP04-T11,30
CP04-T12,30
CP03-U01,2480
CP03-U02,2980
CP03-U03,3980
CP03-U04,2980
CP03-U05,2480
CP03-U06,2480
CP03-SL01,420
CP03-SL02,500
CP03-SL03,180
CP03-SL04,180
CP03-SL05,220
CP03-SL06,420
CP03-SL07,320
CP03-SL08,420
CP03-SL09,420
CP03-SL10,500
CP03-SL11,420
CP03-SL12,680
CP03-SL13,220
CP03-SL14,980
CP03-SL15,420
CP03-SL16,420
CP03-SL17,580
CP03-SL18,500
CP03-SL19,780
CP03-SL20,420
CP03-SL21,1480
CP03-SL22,320
CP03-SL23,500
CP03-SL24,1480
CP03-SL25,1480
CP03-001,220
CP03-002,320
CP03-003,120
CP03-004,120
CP03-022,180
CP03-023,180
CP03-024,180
CP03-042,220
CP03-043,220
CP03-044,320
CP03-045,220
CP03-063,580
CP03-064,180
CP03-065,680
CP03-083,180
CP03-084,180
CP03-085,420
CP03-086,320
CP03-087,580
CP03-104,180
CP03-105,980
CP03-106,180
CP03-107,420
CP03-125,980
CP03-126,980
CP03-005,50
CP03-006,120
CP03-007,50
CP03-008,50
CP03-009,50
CP03-025,80
CP03-026,120
CP03-027,50
CP03-028,80
CP03-029,80
CP03-046,50
CP03-047,120
CP03-048,80
CP03-049,50
CP03-050,80
CP03-066,50
CP03-067,120
CP03-068,50
CP03-069,80
CP03-070,80
CP03-088,50
CP03-089,50
CP03-090,50
CP03-091,50
CP03-108,50
CP03-109,120
CP03-110,50
CP03-111,80
CP03-112,120
CP03-010,50
CP03-011,50
CP03-012,50
CP03-013,50
CP03-014,50
CP03-030,50
CP03-031,50
CP03-032,50
CP03-033,50
CP03-034,50
CP03-051,50
CP03-052,50
CP03-053,50
CP03-054,50
CP03-055,50
CP03-071,50
CP03-072,50
CP03-073,50
CP03-074,50
CP03-075,50
CP03-092,50
CP03-093,50
CP03-094,50
CP03-095,50
CP03-096,50
CP03-113,50
CP03-114,50
CP03-115,50
CP03-116,50
CP03-117,50
CP03-015,30
CP03-016,30
CP03-017,30
CP03-018,30
CP03-019,30
CP03-020,30
CP03-021,30
CP03-035,30
CP03-036,30
CP03-037,30
CP03-038,30
CP03-039,30
CP03-040,30
CP03-041,30
CP03-056,30
CP03-057,30
CP03-058,30
CP03-059,30
CP03-060,30
CP03-061,30
CP03-062,30
CP03-076,30
CP03-077,30
CP03-078,30
CP03-079,30
CP03-080,30
CP03-081,30
CP03-082,30
CP03-097,30
CP03-098,30
CP03-099,30
CP03-100,30
CP03-101,30
CP03-102,30
CP03-103,30
CP03-118,30
CP03-119,30
CP03-120,30
CP03-121,30
CP03-122,30
CP03-123,30
CP03-124,30
CP03-P01,180
CP03-P02,220
CP03-P03,220
CP03-P04,220
CP03-P05,220
CP03-P15,220
CP03-P16,320
CP03-P17,320
CP03-P18,220
CP03-P29,180
CP03-P30,180
CP03-P31,220
CP03-P32,220
CP03-P33,220
CP03-P44,180
CP03-P45,220
CP03-P46,180
CP03-P47,220
CP03-P58,220
CP03-P59,180
CP03-P60,180
CP03-P72,220
CP03-P73,320
CP03-P74,220
CP03-P75,500
CP03-P76,180
CP03-P06,180
CP03-P07,180
CP03-P08,220
CP03-P19,220
CP03-P20,180
CP03-P21,220
CP03-P22,180
CP03-P34,220
CP03-P35,220
CP03-P36,220
CP03-P37,220
CP03-P38,220
CP03-P48,220
CP03-P49,180
CP03-P50,220
CP03-P51,220
CP03-P52,220
CP03-P61,220
CP03-P62,420
CP03-P63,180
CP03-P64,500
CP03-P65,500
CP03-P77,180
CP03-P78,180
CP03-P79,680
CP03-P80,220
CP03-P09,320
CP03-P10,320
CP03-P11,500
CP03-P12,320
CP03-P13,180
CP03-P14,180
CP03-P23,420
CP03-P24,420
CP03-P25,320
CP03-P26,420
CP03-P27,180
CP03-P28,220
CP03-P39,500
CP03-P40,320
CP03-P41,320
CP03-P42,320
CP03-P43,220
CP03-P53,500
CP03-P54,320
CP03-P55,320
CP03-P56,500
CP03-P57,180
CP03-P66,420
CP03-P67,320
CP03-P68,320
CP03-P69,180
CP03-P70,220
CP03-P71,180
CP03-P81,320
CP03-P82,320
CP03-P83,320
CP03-P84,500
CP03-P85,320
CP03-P86,320
CP03-127,50
CP03-LD01,4980
CP03-LD02,3980
CP03-LD03,6980
CP03-LD04,7980
CP03-LD05,7980
CP03-LD06,6980
CP03-T01,50
CP03-T02,50
CP03-T03,50
CP03-T04,50
CP03-T05,50
CP03-T06,50
CP03-T07,50
CP03-T08,50
CP03-T09,50
CP03-T10,50
CP02-SP01a,9980
CP02-SP01b,9980
CP02-SP02,24800
CP02-SP03,9980
CP02-SP04a,9980
CP02-SP04b,9980
CP02-SP05,14800
CP02-SP06a,9980
CP02-SP06b,9980
CP02-SP07,17800
CP02-SP08a,24800
CP02-SP08b,14800
CP02-SP09a,17800
CP02-SP09b,14800
CP02-SP10,14800
CP02-SP11,19800
CP02-SP12a,9980
CP02-SP12b,9980
CP02-SP13,9980
CP02-U01a,2980
CP02-U01b,2980
CP02-U02,7980
CP02-U03,3980
CP02-U04a,3980
CP02-U04b,3980
CP02-U05,4980
CP02-U06a,2980
CP02-U06b,2980
CP02-U07,5980
CP02-U08a,6980
CP02-U08b,3980
CP02-U09a,5980
CP02-U09b,3980
CP02-U10,3980
CP02-U11,7980
CP02-U12a,2980
CP02-U12b,2980
CP02-U13a,2980
CP02-U13b,2980
CP02-U13c,3980
CP02-SL01,500
CP02-SL02,500
CP02-SL03,500
CP02-SL04,320
CP02-SL05,320
CP02-SL06,680
CP02-SL07,500
CP02-SL08,980
CP02-SL09,500
CP02-SL10,1280
CP02-SL11,980
CP02-SL12,680
CP02-SL13,1480
CP02-SL14,500
CP02-SL15,420
CP02-SL16,980
CP02-SL17,500
CP02-SL18,320
CP02-SL19a,500
CP02-SL19b,500
CP02-SL19c,500
CP02-SL20a,320
CP02-SL20b,320
CP02-SL20c,180
CP02-001,180
CP02-002,120
CP02-003,180
CP02-018,120
CP02-019,120
CP02-020,180
CP02-035,180
CP02-036,180
CP02-037,120
CP02-052,320
CP02-053,220
CP02-054,120
CP02-069,180
CP02-070,180
CP02-071,180
CP02-086,220
CP02-087,180
CP02-088,120
CP02-103,120
CP02-104,120
CP02-004,50
CP02-005,120
CP02-006,180
CP02-007,50
CP02-021,80
CP02-022,80
CP02-023,50
CP02-024,180
CP02-038,50
CP02-039,80
CP02-040,120
CP02-041,120
CP02-055,120
CP02-056,50
CP02-057,50
CP02-058,50
CP02-072,50
CP02-073,50
CP02-074,50
CP02-075,180
CP02-089,80
CP02-090,80
CP02-091,50
CP02-092,50
CP02-105,50
CP02-008,50
CP02-009,50
CP02-010,50
CP02-011,50
CP02-025,50
CP02-026,50
CP02-027,50
CP02-028,50
CP02-042,50
CP02-043,50
CP02-044,50
CP02-045,50
CP02-059,50
CP02-060,50
CP02-061,50
CP02-062,50
CP02-076,50
CP02-077,50
CP02-078,50
CP02-079,50
CP02-093,50
CP02-094,50
CP02-095,50
CP02-096,50
CP02-106,50
CP02-012,30
CP02-013,30
CP02-014,30
CP02-015,30
CP02-016,30
CP02-017,30
CP02-029,30
CP02-030,30
CP02-031,30
CP02-032,30
CP02-033,30
CP02-034,50
CP02-046,30
CP02-047,30
CP02-048,30
CP02-049,30
CP02-050,30
CP02-051,30
CP02-063,30
CP02-064,30
CP02-065,30
CP02-066,30
CP02-067,30
CP02-068,30
CP02-080,30
CP02-081,30
CP02-082,30
CP02-083,30
CP02-084,30
CP02-085,50
CP02-097,50
CP02-098,30
CP02-099,50
CP02-100,50
CP02-101,30
CP02-102,30
CP02-107,30
CP02-108,30
CP02-P01,180
CP02-P02,180
CP02-P03,500
CP02-P04,180
CP02-P15,320
CP02-P16,320
CP02-P17,580
CP02-P18,980
CP02-P29,220
CP02-P30,220
CP02-P31,220
CP02-P32,320
CP02-P43,580
CP02-P44,320
CP02-P45,120
CP02-P46,180
CP02-P57,220
CP02-P58,220
CP02-P59,320
CP02-P60,1980
CP02-P71,420
CP02-P72,500
CP02-P73,220
CP02-P74,220
CP02-P85,180
CP02-P05,120
CP02-P06,320
CP02-P07,180
CP02-P08,580
CP02-P19,220
CP02-P20,320
CP02-P21,180
CP02-P22,220
CP02-P33,120
CP02-P34,120
CP02-P35,220
CP02-P36,180
CP02-P47,500
CP02-P48,120
CP02-P49,120
CP02-P50,320
CP02-P61,320
CP02-P62,120
CP02-P63,120
CP02-P64,120
CP02-P75,220
CP02-P76,180
CP02-P77,320
CP02-P78,500
CP02-P86,120
CP02-P09,220
CP02-P10,220
CP02-P11,180
CP02-P12,220
CP02-P13,220
CP02-P14,220
CP02-P23,500
CP02-P24,320
CP02-P25,320
CP02-P26,320
CP02-P27,320
CP02-P28,580
CP02-P37,120
CP02-P38,220
CP02-P39,220
CP02-P40,220
CP02-P41,320
CP02-P42,320
CP02-P51,220
CP02-P52,500
CP02-P53,180
CP02-P54,120
CP02-P55,180
CP02-P56,180
CP02-P65,220
CP02-P66,220
CP02-P67,220
CP02-P68,220
CP02-P69,220
CP02-P70,780
CP02-P79,220
CP02-P80,220
CP02-P81,220
CP02-P82,320
CP02-P83,180
CP02-P84,180
CP02-P87,120
CP02-P88,180
CP02-LD01,7980
CP02-LD02,5980
CP02-LD03,4980
CP02-LD04,5980
CP02-LD05,7980
CP02-LD06,6980
CP02-T01,30
CP02-T02,30
CP02-T03,30
CP02-T04,30
CP02-T05,30
CP02-T06,30
CP02-T07,30
CP02-T08,30
CP02-T09,30
CP01-SP01,2980
CP01-SP02,2980
CP01-SP03,2980
CP01-SP04,3480
CP01-SP05,3980
CP01-SP06,1980
CP01-SP07,7980
CP01-SP08,7980
CP01-SP09,5980
CP01-SP10,2480
CP01-SP11,1980
CP01-SP12,6980
CP01-SP13,2480
CP01-SP14,2480
CP01-SP15,5980
CP01-SP16,4980
CP01-SP17,4980
CP01-SP18,3980
CP01-SP19,980
CP01-SL01,180
CP01-SL02,180
CP01-SL03,680
CP01-SL04,220
CP01-SL05,420
CP01-SL06,500
CP01-SL07,1280
CP01-SL08,980
CP01-SL09,580
CP01-SL10,680
CP01-SL11,320
CP01-SL12,320
CP01-SL13,500
CP01-SL14,320
CP01-SL15,500
CP01-SL16,680
CP01-SL17,680
CP01-SL18,500
CP01-SL19,220
CP01-SL20,500
CP01-001,120
CP01-002,80
CP01-003,120
CP01-014,120
CP01-015,80
CP01-016,180
CP01-027,120
CP01-028,120
CP01-029,120
CP01-040,120
CP01-041,80
CP01-042,180
CP01-053,180
CP01-054,120
CP01-055,220
CP01-066,120
CP01-067,120
CP01-068,180
CP01-079,120
CP01-080,120
CP01-004,50
CP01-005,50
CP01-017,50
CP01-018,80
CP01-030,50
CP01-031,50
CP01-043,50
CP01-044,50
CP01-056,50
CP01-057,50
CP01-069,50
CP01-070,120
CP01-081,50
CP01-006,50
CP01-007,50
CP01-008,50
CP01-019,50
CP01-020,50
CP01-021,50
CP01-032,50
CP01-033,50
CP01-034,50
CP01-045,50
CP01-046,50
CP01-047,50
CP01-058,50
CP01-059,80
CP01-060,50
CP01-071,50
CP01-072,50
CP01-073,50
CP01-082,50
CP01-009,30
CP01-010,30
CP01-011,30
CP01-012,30
CP01-013,30
CP01-022,30
CP01-023,30
CP01-024,30
CP01-025,30
CP01-026,30
CP01-035,30
CP01-036,30
CP01-037,30
CP01-038,30
CP01-039,50
CP01-048,30
CP01-049,30
CP01-050,30
CP01-051,30
CP01-052,30
CP01-061,30
CP01-062,30
CP01-063,30
CP01-064,30
CP01-065,30
CP01-074,30
CP01-075,30
CP01-076,50
CP01-077,30
CP01-078,30
CP01-083,30
CP01-084,30
CP01-P01,120
CP01-P02,120
CP01-P11,120
CP01-P12,180
CP01-P21,320
CP01-P22,180
CP01-P31,180
CP01-P32,220
CP01-P41,220
CP01-P42,180
CP01-P51,180
CP01-P52,500
CP01-P61,120
CP01-P03,120
CP01-P04,180
CP01-P05,120
CP01-P13,120
CP01-P14,120
CP01-P15,180
CP01-P23,120
CP01-P24,120
CP01-P25,220
CP01-P33,120
CP01-P34,180
CP01-P35,120
CP01-P43,180
CP01-P44,320
CP01-P45,120
CP01-P53,120
CP01-P54,120
CP01-P55,120
CP01-P62,120
CP01-P06,220
CP01-P07,180
CP01-P08,120
CP01-P09,120
CP01-P10,120
CP01-P16,120
CP01-P17,120
CP01-P18,120
CP01-P19,120
CP01-P20,120
CP01-P26,180
CP01-P27,120
CP01-P28,180
CP01-P29,120
CP01-P30,180
CP01-P36,120
CP01-P37,120
CP01-P38,120
CP01-P39,120
CP01-P40,120
CP01-P46,120
CP01-P47,220
CP01-P48,180
CP01-P49,120
CP01-P50,180
CP01-P56,120
CP01-P57,180
CP01-P58,180
CP01-P59,120
CP01-P60,120
CP01-P63,120
CP01-P64,120
CP01-085,50
CP01-LD01,3480
CP01-LD02,9980
CP01-LD03,3480
CP01-LD04,3480
CP01-LD05,3480
CP01-LD06,4980
CP01-LD07,9980
CP01-LD08,3480
CP01-T01,30
CP01-T02,30
CP01-T03,30
CP01-T04,30
CP01-T05,30
CP01-T06,30
CP01-T07,30
CP01-T08,30
CP01-T09,30
CP01-T10,30
CP01-T11,50
CP01-T12,50
CP01-T13,50
CP01-T14,50
CP01-T15,50
CP01-T16,50
CP01-T17,50
CP01-T18,50
CP01-T19,50
CP01-T20,50
CP01-T21,50
CP01-T22,50
CP01-T23,50
CP01-T24,50
CP01-T25,80
CP01-T26,50
CP01-T27,50
CP01-T28,50
CP01-T29,50
CP01-T30,50
CP01-T31,50
CP01-T32,50
CP01-T33,50
CP01-T34,50
CP01-T35,50
CP01-T36,50
CP01-T37,50
CP01-T38,50
CP01-T39,50
CP01-T40,50
CP01-T41,50
CP01-T42,50
CP01-T43,50
CP01-T44,50
CP01-T45,50
CP01-T46,80
CP01-T47,50
CP01-T48,80
CP01-T49,50
ECP02-SP01,19800
ECP02-SP02,4980
ECP02-SP03a,6980
ECP02-SP03b,4980
ECP02-SP04,12800
ECP02-SP05a,7980
ECP02-SP05b,6980
ECP02-SP06,9980
ECP02-SP07a,5980
ECP02-SP07b,5980
ECP02-SP08,9980
ECP02-SP09,19800
ECP02-SP10,12800
ECP02-SP11,9980
ECP02-SP12,4980
ECP02-SP13,3980
ECP02-U01,14800
ECP02-U02,1980
ECP02-U03a,2480
ECP02-U03b,1480
ECP02-U04,5980
ECP02-U05a,2480
ECP02-U05b,2480
ECP02-U06,3980
ECP02-U07a,1480
ECP02-U07b,1480
ECP02-U08,4980
ECP02-U09,7980
ECP02-U10,4980
ECP02-U11,3480
ECP02-U12,1480
ECP02-U13,1980
ECP02-SL01,980
ECP02-SL02,580
ECP02-SL03,420
ECP02-SL04,3980
ECP02-SL05,320
ECP02-SL06,780
ECP02-SL07,1480
ECP02-SL08,680
ECP02-SL09,680
ECP02-SL10,680
ECP02-SL11,780
ECP02-SL12,580
ECP02-SL13,1480
ECP02-SL14,780
ECP02-SL15,580
ECP02-SL16,680
ECP02-SL17,680
ECP02-SL18,580
ECP02-SL19,420
ECP02-SL20,320
ECP02-SL21,420
ECP02-SL22,980
ECP02-SL23,980
ECP02-SL24,780
ECP02-SL25,1780
ECP02-SL26,1780
ECP02-SL27,680
ECP02-SL28,420
ECP02-SL29,320
ECP02-SL30,500
ECP02-SL31,780
ECP02-SL32,420
ECP02-SL33,420
ECP02-001,420
ECP02-002,220
ECP02-003,120
ECP02-004,3480
ECP02-005,120
ECP02-012,220
ECP02-013,680
ECP02-014,180
ECP02-015,420
ECP02-016,320
ECP02-017,420
ECP02-018,180
ECP02-026,500
ECP02-027,220
ECP02-028,180
ECP02-029,220
ECP02-037,180
ECP02-038,120
ECP02-039,120
ECP02-040,120
ECP02-041,120
ECP02-047,500
ECP02-048,180
ECP02-049,500
ECP02-050,580
ECP02-051,420
ECP02-052,220
ECP02-060,120
ECP02-061,120
ECP02-062,80
ECP02-063,320
ECP02-064,80
ECP02-072,120
ECP02-006,50
ECP02-007,50
ECP02-008,50
ECP02-009,50
ECP02-010,50
ECP02-011,50
ECP02-019,50
ECP02-020,50
ECP02-021,50
ECP02-022,50
ECP02-023,50
ECP02-024,50
ECP02-025,50
ECP02-030,50
ECP02-031,50
ECP02-032,50
ECP02-033,50
ECP02-034,50
ECP02-035,50
ECP02-036,50
ECP02-042,50
ECP02-043,50
ECP02-044,50
ECP02-045,50
ECP02-046,50
ECP02-053,50
ECP02-054,50
ECP02-055,50
ECP02-056,50
ECP02-057,50
ECP02-058,50
ECP02-059,50
ECP02-065,50
ECP02-066,50
ECP02-067,50
ECP02-068,50
ECP02-069,50
ECP02-070,50
ECP02-071,50
ECP02-P01,80
ECP02-P02,80
ECP02-P03,80
ECP02-P04,120
ECP02-P05,80
ECP02-P06,80
ECP02-P07,120
ECP02-P08,80
ECP02-P09,80
ECP02-P10,80
ECP02-P11,120
ECP02-P12,80
ECP02-P13,80
ECP02-P14,80
ECP02-P15,80
ECP02-P16,80
ECP02-P17,80
ECP02-P18,80
ECP02-P19,80
ECP02-P20,80
ECP02-P21,80
ECP02-P22,80
ECP02-P23,80
ECP02-P24,80
ECP02-P25,80
ECP02-P26,80
ECP02-P27,80
ECP02-P28,80
ECP02-P29,80
ECP02-P30,120
ECP02-P31,120
ECP02-P32,80
ECP02-P33,80
ECP02-P34,80
ECP02-P35,80
ECP02-P36,80
ECP02-P37,80
ECP02-P38,80
ECP02-P39,80
ECP02-SL34,320
ECP02-SL35,500
ECP02-SL36,320
ECP02-SL37,500
ECP02-SL38,220
ECP02-SL39,180
ECP02-SL40,500
ECP02-SL41,320
ECP02-SL42,320
ECP02-SL43,500
ECP02-SL44,320
ECP02-SL45,220
ECP02-SL46,320
ECP02-SL47,320
ECP02-T01,50
ECP02-T02,50
ECP02-T03,80
ECP02-T04,80
ECP02-T05,50
ECP02-T06,50
ECP02-T07,120
ECP02-T08,50
ECP02-T09,120
ECP02-T10,80
ECP02-T11,80
ECP02-T12,50
ECP02-T13,80
ECP02-T14,80
ECP01-SSP01,12800
ECP01-SSP02,14800
ECP01-SSP03,5980
ECP01-SSP04,4980
ECP01-SSP05,34800
ECP01-SSP06,59800
ECP01-SSP07,7980
ECP01-SSP08,5980
ECP01-SSP09,24800
ECP01-SSP10,24800
ECP01-SSP11,4980
ECP01-SSP12,6980
ECP01-SSP13,12800
ECP01-SSP14,14800
ECP01-SSP15,7980
ECP01-SSP16,7980
ECP01-SSP17,7980
ECP01-SSP18,7980
ECP01-SSP19,7980
ECP01-SSP20,9980
ECP01-SSP21,7980
ECP01-SSP22,12800
ECP01-SSP23,9980
ECP01-SSP24,7980
ECP01-SP01,3980
ECP01-SP02,3980
ECP01-SP03,1980
ECP01-SP04,1980
ECP01-SP05,12800
ECP01-SP06,24800
ECP01-SP07,3980
ECP01-SP08,2480
ECP01-SP09,7980
ECP01-SP10,9980
ECP01-SP11,1980
ECP01-SP12,2480
ECP01-SP13,3980
ECP01-SP14,3980
ECP01-SP15,2980
ECP01-SP16,3980
ECP01-SP17,3980
ECP01-SP18,3980
ECP01-SP19,2480
ECP01-SP20,3980
ECP01-SP21,2980
ECP01-SP22,2980
ECP01-SP23,4980
ECP01-SP24,2480
ECP01-SL01,500
ECP01-SL02,500
ECP01-SL03,500
ECP01-SL04,580
ECP01-SL05,680
ECP01-SL06,680
ECP01-SL07,220
ECP01-SL08,780
ECP01-SL09,1280
ECP01-SL10,780
ECP01-SL11,180
ECP01-SL12,320
ECP01-SL13,320
ECP01-SL14,220
ECP01-SL15,220
ECP01-SL16,500
ECP01-SL17,980
ECP01-SL18,320
ECP01-SL19,320
ECP01-SL20,500
ECP01-SL21,220
ECP01-SL22,320
ECP01-SL23,780
ECP01-SL24,500
ECP01-SL25,220
ECP01-SL26,320
ECP01-001,220
ECP01-002,220
ECP01-003,220
ECP01-004,320
ECP01-010,320
ECP01-011,220
ECP01-012,220
ECP01-013,420
ECP01-019,780
ECP01-020,420
ECP01-021,120
ECP01-022,120
ECP01-028,180
ECP01-029,120
ECP01-030,80
ECP01-031,320
ECP01-037,500
ECP01-038,180
ECP01-039,120
ECP01-040,220
ECP01-046,120
ECP01-047,120
ECP01-048,500
ECP01-049,320
ECP01-055,80
ECP01-056,120
ECP01-005,50
ECP01-006,50
ECP01-007,50
ECP01-008,50
ECP01-009,80
ECP01-014,50
ECP01-015,50
ECP01-016,50
ECP01-017,50
ECP01-018,50
ECP01-023,50
ECP01-024,50
ECP01-025,50
ECP01-026,50
ECP01-027,80
ECP01-032,50
ECP01-033,50
ECP01-034,50
ECP01-035,50
ECP01-036,80
ECP01-041,50
ECP01-042,50
ECP01-043,50
ECP01-044,50
ECP01-045,50
ECP01-050,50
ECP01-051,80
ECP01-052,50
ECP01-053,80
ECP01-054,50
ECP01-057,50
ECP01-P01,180
ECP01-P02,120
ECP01-P03,220
ECP01-P04,220
ECP01-P05,180
ECP01-P06,120
ECP01-P07,120
ECP01-P08,120
ECP01-P09,120
ECP01-P10,120
ECP01-P11,220
ECP01-P12,220
ECP01-P13,120
ECP01-P14,180
ECP01-P15,180
ECP01-P16,120
ECP01-P17,120
ECP01-P18,120
ECP01-P19,120
ECP01-P20,220
ECP01-P21,220
ECP01-P22,120
ECP01-P23,180
ECP01-P24,220
ECP01-P25,120
ECP01-P26,120
ECP01-P27,220
ECP01-P28,120
ECP01-P29,180
ECP01-P30,120
ECP01-P31,120
ECP01-058,80
ECP01-059,120
ECP01-060,80
ECP01-061,80
ECP01-062,80
ECP01-SL27,220
ECP01-SL28,320
ECP01-SL29,220
ECP01-SL30,220
ECP01-SL31,220
SP01-SP01,17800
SP01-SP02,59800
SP01-SP03,19800
SP01-SP04,19800
SP01-SP05,14800
SP01-SP06,19800
SP01-SP07,29800
SP01-SP08,29800
SP01-SP09,6980
SP01-SP10,6980
SP01-SP11,12800
SP01-SP12,39800
SP01-SP13,29800
SP01-SP14,19800
SP01-SP15,17800
SP01-SP16,12800
SP01-SP17,34800
SP01-SP18,34800
SP01-SP19,34800
SP01-SP20,19800
SP01-SP21,19800
SP01-SP22,19800
SP01-SP23,29800
SP01-SP24,29800
SP01-SP25,14800
SP01-SP26,19800
SP01-SP27,19800
SP01-SP28,5980
SP01-SP29,14800
SP01-SP30,29800
SP01-SP31,99800
SP01-SP32,19800
SP01-U01,12800
SP01-U02,7980
SP01-U03,5980
SP01-U04,5980
SP01-U05,5980
SP01-U06,7980
SP01-U07,7980
SP01-U08,1480
SP01-U09,1480
SP01-U10,4980
SP01-U11,7980
SP01-U12,5980
SP01-U13,5980
SP01-U14,4980
SP01-U15,9980
SP01-U16,6980
SP01-U17,5980
SP01-U18,4980
SP01-U19,4980
SP01-U20,4980
SP01-U21,3980
SP01-U22,3980
SP01-U23,3980
SP01-U24,4980
SP01-U25,4980
SP01-U26,1480
SP01-U27,3480
SP01-U28,19800
SP01-U29,4980
SP01-SL01,1980
SP01-SL02,500
SP01-SL03,320
SP01-SL04,500
SP01-SL05,500
SP01-SL06,180
SP01-SL07,220
SP01-SL08,500
SP01-SL09,500
SP01-SL10,680
SP01-SL11,500
SP01-SL12,680
SP01-SL13,500
SP01-SL14,420
SP01-SL15,320
SP01-SL16,180
SP01-SL17,220
SP01-SL18,220
SP01-SL19,680
SP01-SL20,980
SP01-SL21,320
SP01-SL22,320
SP01-SL23,220
SP01-SL24,220
SP01-SL25,220
SP01-SL26,500
SP01-SL27,680
SP01-SL28,500
SP01-SL29,500
SP01-SL30,220
SP01-SL31,220
SP01-SL32,420
SP01-SL33,500
SP01-SL34,500
SP01-SL35,320
SP01-SL36,320
SP01-SL37,220
SP01-SL38,180
SP01-SL39,320
SP01-SL40,500
SP01-SL41,500
SP01-SL42,220
SP01-SL43,320
SP01-SL44,220
SP01-SL45,3980
SP01-SL46,500
SP01-SL47,320
SP01-SL48,220
SP01-SL49,220
SP01-SL50,500
SP01-SL51,320
SP01-SL52,220
SP01-SL53,220
SP01-SL54,180
SP01-001,320
SP01-002,120
SP01-003,120
SP01-010,500
SP01-011,120
SP01-012,220
SP01-013,120
SP01-014,180
SP01-015,120
SP01-019,180
SP01-020,220
SP01-021,180
SP01-022,120
SP01-026,580
SP01-027,180
SP01-028,120
SP01-029,120
SP01-032,220
SP01-033,120
SP01-034,120
SP01-035,120
SP01-036,120
SP01-039,120
SP01-040,120
SP01-041,120
SP01-042,120
SP01-043,120
SP01-045,2980
SP01-046,220
SP01-004,80
SP01-005,80
SP01-006,80
SP01-007,80
SP01-008,120
SP01-009,120
SP01-016,80
SP01-017,80
SP01-018,80
SP01-023,120
SP01-024,120
SP01-025,80
SP01-030,80
SP01-031,80
SP01-037,80
SP01-038,80
SP01-044,80
SP01-047,80
SP01-048,80
SP01-049,80
SP01-050,80
SP01-051,120
SP01-052,80
SP01-053,80
SP01-054,80
SP01-T01,220
SP01-T02,220
SP01-T03,320
PCS01-001,2980
PCS01-002,980
PCS01-003,320
PCS01-004,320
PCS01-005,320
PCS01-006,320
PCS01-007,980
PCS01-008,1280
PCS01-009,1280
PCS01-010,500
PCS01-011,320
PCS01-012,320
PCS01-013,320
PCS01-014,500
PCS01-015,1780
PCS01-016,1280
PCS01-017,500
PCS01-018,500
PCS01-019,500
PCS01-020,320
PCS01-021,980
PCS01-022,3480
PCS01-023,780
PCS01-024,680
PCS01-025,320
PCS01-026,320
PCS01-027,320
PCS01-028,500
PCS01-029,780
PCS01-030,500
PCS01-031,500
PCS01-032,500
PCS01-033,320
PCS01-034,500
PCS01-035,500
PCS01-036,500
PCS01-037,320
PCS01-038,500
PCS01-039,500
PCS01-040,500
PCS01-041,320
PCS01-042,320
PCS01-043,320
PCS01-044,680
PCS01-045,320
PCS01-046,500
PCS01-047,320
PCS01-048,980
PCS01-049,780
PCS01-050,320
PCS01-EP,1480
